date,open,high,low,close,volume,dividends,stock_splits,symbol,fetch_timestamp,data_source,volume_normalized,daily_return,log_return,ma_5,ma_20,volatility_10,volatility_20,high_low_pct,open_close_pct
2025-05-23 00:00:00-04:00,193.45045269257122,197.4758830409797,193.24069928507132,195.04864501953125,78432900,0.0,0.0,AAPL,2025-08-24 17:35:45.059394,yfinance,1.9867671834003482,,,,,,,0.02191662404233279,0.008261507299235204
2025-05-27 00:00:00-04:00,198.07520901450675,200.51244545494848,197.20618488735448,199.98304748535156,56288500,0.0,0.0,AAPL,2025-08-24 17:35:45.059394,yfinance,0.9079920944436144,0.025298317070217013,0.02498361129025672,,,,,0.016765501393795297,0.009631889221962557
2025-05-28 00:00:00-04:00,200.36260025266836,202.50017366149785,199.67338002302156,200.1927947998047,45339700,0.0,0.0,AAPL,2025-08-24 17:35:45.059394,yfinance,0.374616040273283,0.0010488254734115632,0.0010482758402539916,,,,,0.01415708813137921,-0.0008474907624952772
2025-05-29 00:00:00-04:00,203.3492174371598,203.57895243464628,198.28495762525483,199.72332763671875,51396800,0.0,0.0,AAPL,2025-08-24 17:35:45.059394,yfinance,0.6696905779134915,-0.00234507522388816,-0.002347829219184221,,,,,0.026698922968209932,-0.017830852000015943
2025-05-30 00:00:00-04:00,199.14398126681596,201.73105672211125,196.55692105301176,200.622314453125,70819900,0.0,0.0,AAPL,2025-08-24 17:35:45.059394,yfinance,1.6158962294694394,0.004501160816033689,0.004491060887947086,199.11402587890626,,,,0.02632385388100382,0.007423438945555437
2025-06-02 00:00:00-04:00,200.05295557621693,201.9008644592711,199.89313329888972,201.47134399414062,35423300,0.0,0.0,AAPL,2025-08-24 17:35:45.059394,yfinance,-0.1084661517089136,0.00423197959474253,0.004223049953605271,200.39856567382813,,,,0.010044022659744531,0.007090064797284692
2025-06-03 00:00:00-04:00,201.1217444882778,203.5389992121068,200.7321872237246,203.03956604003906,46381600,0.0,0.0,AAPL,2025-08-24 17:35:45.059394,yfinance,0.4253726995272714,0.007783846649397574,0.007753708806274315,201.00986938476564,,,,0.013982869549734423,0.009535625084402689
2025-06-04 00:00:00-04:00,202.67998220748078,206.00620910456834,201.8709028727957,202.590087890625,43604000,0.0,0.0,AAPL,2025-08-24 17:35:45.059394,yfinance,0.29006058056779527,-0.002213746602105271,-0.0022162005614127273,201.48932800292968,,,,0.02048490482245675,-0.0004435283439276841
2025-06-05 00:00:00-04:00,203.26931435006063,204.5178973620389,199.92310578136215,200.40257263183594,55126100,0.0,0.0,AAPL,2025-08-24 17:35:45.059394,yfinance,0.8513652197753774,-0.010797740805414291,-0.01085645947720722,201.62517700195312,,,,0.02298279412336486,-0.014103170109029459
2025-06-06 00:00:00-04:00,202.76987228695742,205.4668084267123,201.82095228760733,203.68882751464844,46607700,0.0,0.0,AAPL,2025-08-24 17:35:45.059394,yfinance,0.43638726969458763,0.01639826694665114,0.01626526737254339,202.2384796142578,,,,0.01806480495597607,0.004532010684459675
2025-06-09 00:00:00-04:00,204.15830357568726,205.76647909477697,199.79326227022588,201.2216339111328,72862600,0.0,0.0,AAPL,2025-08-24 17:35:45.059394,yfinance,1.7154073417240916,-0.012112562253018933,-0.012186517130606582,202.18853759765625,,0.011457121120320322,,0.02989698830019677,-0.014384277362814868
2025-06-10 00:00:00-04:00,200.3726011094186,204.11835001917973,200.34263633745982,202.44024658203125,54672600,0.0,0.0,AAPL,2025-08-24 17:35:45.059394,yfinance,0.829272749315944,0.00605607184084711,0.006037807540624406,202.06867370605468,,0.008585453878567517,,0.018846281304594814,0.010319003003227713
2025-06-11 00:00:00-04:00,203.26930749599725,204.26817387189894,198.18508130061548,198.55465698242188,60989900,0.0,0.0,AAPL,2025-08-24 17:35:45.059394,yfinance,1.13702305501248,-0.019193760456297837,-0.0193803521323116,201.26158752441407,,0.010752402253589687,,0.030693998414827034,-0.023194109192644436
2025-06-12 00:00:00-04:00,198.85432303920933,199.45363372918547,197.13627162659284,198.97418212890625,43904600,0.0,0.0,AAPL,2025-08-24 17:35:45.059394,yfinance,0.3047044540410162,0.002112895022762018,0.002110665999316225,200.9759094238281,,0.010772200509648257,,0.011755127980618778,0.0006027482222414805
2025-06-13 00:00:00-04:00,199.50357538920457,200.1428492549886,195.47814514596445,196.227294921875,51447300,0.0,0.0,AAPL,2025-08-24 17:35:45.059394,yfinance,0.6721507096846081,-0.013805244367089187,-0.013901422958318331,199.48360290527344,,0.011398516139601942,,0.02386304671318109,-0.016422164168927746
2025-06-16 00:00:00-04:00,197.07634287373045,198.46476655376847,196.33717625414866,198.195068359375,43020700,0.0,0.0,AAPL,2025-08-24 17:35:45.059394,yfinance,0.2616448407243828,0.010028031208825672,0.009978084140146677,198.87828979492187,,0.011895831448978553,,0.010836410812314791,0.005676609730683552
2025-06-17 00:00:00-04:00,196.97644196425614,198.16509536417735,194.98870767431248,195.418212890625,38856200,0.0,0.0,AAPL,2025-08-24 17:35:45.059394,yfinance,0.058769221698339306,-0.014010719296581597,-0.014109795936144053,197.47388305664063,,0.011986948684313527,,0.016290110990275157,-0.007910738249165347
2025-06-18 00:00:00-04:00,195.71787336797544,197.3460303816964,194.84886452825484,196.35714721679688,45394700,0.0,0.0,AAPL,2025-08-24 17:35:45.059394,yfinance,0.3772953917071724,0.004804743182752258,0.0047932372448914635,197.0343811035156,,0.01228881216593782,,0.012815911755438846,0.0032663028563544257
2025-06-20 00:00:00-04:00,198.01527480684123,201.47134391409438,196.6368343380514,200.7721405029297,96813500,0.0,0.0,AAPL,2025-08-24 17:35:45.059394,yfinance,2.8821869464139382,0.02248450514132916,0.022235454923987714,197.39397277832032,,0.014300272223696236,,0.024585981524355018,0.013922490064353393
2025-06-23 00:00:00-04:00,201.40143343464243,202.07067208145295,198.73446202428119,201.27157592773438,55814300,0.0,0.0,AAPL,2025-08-24 17:35:45.059394,yfinance,0.8848912135354262,0.00248757334336136,0.002484484454290313,198.4028289794922,199.80973434448242,0.013191323294279697,,0.01678727495568511,-0.0006447695266786338
2025-06-24 00:00:00-04:00,202.36033429336192,203.2093768046809,199.9730442780961,200.07293701171875,54064000,0.0,0.0,AAPL,2025-08-24 17:35:45.059394,yfinance,0.7996245078129424,-0.005955331300461331,-0.005973135005743733,198.77840270996094,200.0609489440918,0.01275751842081944,0.011951291726366615,0.016183843868897277,-0.01130358520918
2025-06-25 00:00:00-04:00,201.2216365357081,203.43912119943792,200.39257558111612,201.33151245117188,39525700,0.0,0.0,AAPL,2025-08-24 17:35:45.059394,yfinance,0.09138423597086569,0.0062905831155934955,0.0062708799839138255,199.9610626220703,200.1283721923828,0.012771115485801968,0.01062836471413207,0.01520288668124135,0.0005460442393544034
2025-06-26 00:00:00-04:00,201.20164572639828,202.41028074115465,199.23389299836737,200.7721405029297,50799100,0.0,0.0,AAPL,2025-08-24 17:35:45.059394,yfinance,0.6405733351492061,-0.0027783626191049127,-0.002782229432460398,200.84406127929688,200.15733947753907,0.011034801268129547,0.010650303961470398,0.01594300896792351,-0.002134700349581897
2025-06-27 00:00:00-04:00,201.66113009938155,202.98962419564972,199.77327327657756,200.85205078125,73188600,0.0,0.0,AAPL,2025-08-24 17:35:45.059394,yfinance,1.7312885884049634,0.00039801477495893245,0.0003979355880893889,200.86004333496095,200.21377563476562,0.011031773333613725,0.010633475222205676,0.016100006103515505,-0.004012073708665749
2025-06-30 00:00:00-04:00,201.78098710410558,207.15489297707504,199.0341046248948,204.93740844726562,91912800,0.0,0.0,AAPL,2025-08-24 17:35:45.059394,yfinance,2.6434469905582696,0.020340134193924886,0.02013603660512328,201.59320983886718,200.42953033447264,0.011224669699298884,0.011513456184701202,0.0408009891947156,0.015642808514617607
2025-07-01 00:00:00-04:00,206.4357061767528,209.95171998702364,205.90630823197938,207.58441162109375,78788900,0.0,0.0,AAPL,2025-08-24 17:35:45.059394,yfinance,2.004109894499705,0.012916154224275056,0.012833452072208559,203.0955047607422,200.7351837158203,0.011420757918809902,0.011796962896113167,0.01964685681454009,0.005564470728515404
2025-07-02 00:00:00-04:00,208.6731759252599,213.09814660534315,207.9040445567577,212.1991729736328,67941800,0.0,0.0,AAPL,2025-08-24 17:35:45.059394,yfinance,1.4756882047080382,0.022230770203315764,0.02198726883923021,205.26903686523437,201.1931640625,0.010540716339311603,0.012612147336362437,0.024983169806335644,0.016897222332188086
2025-07-03 00:00:00-04:00,211.90950026104147,214.40666625629999,211.56988934364432,213.30792236328125,34955800,0.0,0.0,AAPL,2025-08-24 17:35:45.059394,yfinance,-0.1312406388969735,0.005225041050401336,0.005211437887560029,207.77619323730468,201.72905578613282,0.010525961581275205,0.012582176121689612,0.013408226101815484,0.006599147751833336
2025-07-07 00:00:00-04:00,212.43889126622693,215.9848699115094,208.56330013289198,209.7119903564453,50229000,0.0,0.0,AAPL,2025-08-24 17:35:45.059394,yfinance,0.6128006396499271,-0.016857939297312052,-0.017001651776427245,209.54818115234374,202.19452667236328,0.011921643928659704,0.012989602685042264,0.03558425558997466,-0.01283616617243726
2025-07-08 00:00:00-04:00,209.86183643928914,211.1903153368944,208.213697736729,209.7719268798828,42848900,0.0,0.0,AAPL,2025-08-24 17:35:45.059394,yfinance,0.2532755211545247,0.0002858039892503772,0.0002857631550704372,210.51508483886718,202.498681640625,0.011981677796996161,0.012565380915943964,0.01429597395618576,-0.0004284226276287853
2025-07-09 00:00:00-04:00,209.2924745188519,211.09043707809712,206.98509558510867,210.90065002441406,48749400,0.0,0.0,AAPL,2025-08-24 17:35:45.059394,yfinance,0.5407212145302408,0.005380715910463962,0.005366291577633038,211.17833251953124,202.98263244628907,0.011436992022463387,0.01216701527363935,0.01983399568642088,0.007683866843560671
2025-07-10 00:00:00-04:00,210.27134950514616,213.23798377907798,209.7918979255535,212.16920471191406,44443600,0.0,0.0,AAPL,2025-08-24 17:35:45.059394,yfinance,0.3309620980931323,0.006014939675876629,0.005996922139720782,211.1723388671875,203.4690803527832,0.011434786692886514,0.012166372127542482,0.016426210390390477,0.009025743218152754
2025-07-11 00:00:00-04:00,210.33129628612954,211.88952536572023,209.6220944658076,210.92062377929688,39765800,0.0,0.0,AAPL,2025-08-24 17:35:45.059394,yfinance,0.10308082286680831,-0.005884835805047839,-0.005902219685680755,210.69487915039062,204.08737869262694,0.011717798342444496,0.01125155619632881,0.010816755293333242,0.00280190111302136
2025-07-14 00:00:00-04:00,209.69201166358403,210.67091168904602,207.3047216270235,208.3834991455078,38840100,0.0,0.0,AAPL,2025-08-24 17:35:45.059394,yfinance,0.05798490246041896,-0.012028812490351148,-0.012101744099128115,210.42918090820314,204.55784454345704,0.012863566329106029,0.011749235882124167,0.01623788419097793,-0.006240163884619049
2025-07-15 00:00:00-04:00,208.9828312368767,211.64980271899068,208.6831682659836,208.87295532226562,42296300,0.0,0.0,AAPL,2025-08-24 17:35:45.059394,yfinance,0.22635534656602865,0.0023488240612374867,0.0023460698858746415,210.2493865966797,205.19012756347655,0.011469975063972895,0.011116353000384152,0.014215973802093482,-0.0005257652696193941
2025-07-16 00:00:00-04:00,210.06160887608695,212.1592191902425,208.40348697906978,209.92176818847656,47490500,0.0,0.0,AAPL,2025-08-24 17:35:45.059394,yfinance,0.47939329598254327,0.0050212956703405975,0.0050087310082720295,210.0536102294922,205.77646255493164,0.010889305161109752,0.011010029499870382,0.018021446116925674,-0.0006657127323673799
2025-07-17 00:00:00-04:00,210.33130094399476,211.5599023237274,209.35240091776063,209.78192138671875,48068100,0.0,0.0,AAPL,2025-08-24 17:35:45.059394,yfinance,0.5075313575864435,-0.0006661853268702389,-0.0006664073269160317,209.57615356445314,206.49464797973633,0.007991280912223321,0.010311169385418071,0.01054442841968623,-0.0026119724207016443
2025-07-18 00:00:00-04:00,210.63095139102305,211.54990664350106,209.46227954032304,210.9405975341797,48974600,0.0,0.0,AAPL,2025-08-24 17:35:45.059394,yfinance,0.5516919407650024,0.005523241182089356,0.005508044018232058,209.58014831542968,207.22382049560548,0.008018083962315257,0.010316827249728966,0.009966601660974182,0.0014700885179111335
2025-07-21 00:00:00-04:00,211.8595616297783,215.53538252867688,211.39009321998003,212.23912048339844,51377400,0.0,0.0,AAPL,2025-08-24 17:35:45.059394,yfinance,0.6687454975895377,0.0061558702516160135,0.006137000283459391,210.3512725830078,207.79716949462892,0.0060493130530313325,0.009347517547742606,0.019609666874895175,0.0017915587604367793
2025-07-22 00:00:00-04:00,212.89838571641525,214.7063314773177,211.9894136266437,214.15695190429688,46404100,0.0,0.0,AAPL,2025-08-24 17:35:45.059394,yfinance,0.4264687978411353,0.009036182474420285,0.008995600465316096,211.40807189941407,208.44143829345703,0.006514912580705819,0.009449312707684072,0.012816290229751861,0.005911581638566584
2025-07-23 00:00:00-04:00,214.75626907170553,214.90609293027538,212.1692088371252,213.9072265625,46989300,0.0,0.0,AAPL,2025-08-24 17:35:45.059394,yfinance,0.45497709709771844,-0.0011660856188711044,-0.0011667660256995498,212.20516357421874,209.1331527709961,0.006476329658295623,0.009265320914975719,0.012899534801259384,-0.0039535167605376995
2025-07-24 00:00:00-04:00,213.65751035981805,215.44548969662856,213.28793468034502,213.51766967773438,46022600,0.0,0.0,AAPL,2025-08-24 17:35:45.059394,yfinance,0.4078838419860661,-0.0018211487803653226,-0.0018228090878896677,212.9523132324219,209.74246063232422,0.006333147286407561,0.009309073267743112,0.010115691820622998,-0.0006545086191829559
2025-07-25 00:00:00-04:00,214.45660521718813,214.9960015887686,213.15807589620647,213.63754272460938,40268800,0.0,0.0,AAPL,2025-08-24 17:35:45.059394,yfinance,0.12758470961674226,0.0005614197975087887,0.0005612622603744908,213.4917022705078,210.3857307434082,0.00590765496977489,0.009229890097638277,0.008622360118586681,-0.003819245817815949
2025-07-28 00:00:00-04:00,213.78737619229818,214.60645396318566,212.81847455673218,213.80735778808594,37858000,0.0,0.0,AAPL,2025-08-24 17:35:45.059394,yfinance,0.010141428947277563,0.0007948746335069146,0.0007945588879730834,213.80534973144532,211.03349609375,0.003656766754007774,0.009224085574998545,0.008401429481991903,9.346480668616093e-05
2025-07-29 00:00:00-04:00,213.93719187335407,214.5664825639156,210.58101550100253,211.03050231933594,51411700,0.0,0.0,AAPL,2025-08-24 17:35:45.059394,yfinance,0.6704164385746724,-0.012987651582609505,-0.01307272856573223,213.18005981445313,211.33815078735353,0.006138124484643861,0.008965855302196436,0.01892605111353972,-0.013586649093434969
2025-07-30 00:00:00-04:00,211.65977882345743,212.14922883427738,207.48452469073794,208.81301879882812,45512500,0.0,0.0,AAPL,2025-08-24 17:35:45.059394,yfinance,0.38303407532375733,-0.010507881543836084,-0.010563479149446095,212.16121826171874,211.39958114624022,0.006933312418751744,0.008926495811342212,0.0224821786130427,-0.013449697625375243
2025-07-31 00:00:00-04:00,208.25365677749065,209.60211724381097,206.92516266487007,207.33470153808594,80698400,0.0,0.0,AAPL,2025-08-24 17:35:45.059394,yfinance,2.0971321047362834,-0.007079622090835236,-0.007104801526279514,210.92462463378905,211.1563575744629,0.007239465507925978,0.0074213040297596514,0.01293682481369562,-0.004412672764668765
2025-08-01 00:00:00-04:00,210.63095505795985,213.33788973606855,201.27158167093614,202.1505889892578,104434500,0.0,0.0,AAPL,2025-08-24 17:35:45.059394,yfinance,3.2534476241897763,-0.0250035932739211,-0.025321493400230856,208.62723388671876,210.5984909057617,0.01001675214136273,0.008974102094300952,0.0599503812955567,-0.04026172727730583
2025-08-04 00:00:00-04:00,204.27816503495924,207.64435521756303,201.4513712516652,203.11949157714844,75109300,0.0,0.0,AAPL,2025-08-24 17:35:45.059394,yfinance,1.8248564120244428,0.004792974350137147,0.004781524619511202,206.48966064453126,210.26886596679688,0.009868338228281147,0.008460407315864777,0.030741830782383652,-0.005672037721762951
2025-08-05 00:00:00-04:00,203.1694082424696,205.1072113881769,201.93082373064988,202.68995666503906,44155100,0.0,0.0,AAPL,2025-08-24 17:35:45.059394,yfinance,0.316907681935367,-0.0021146907604691068,-0.002116929876223826,204.82155151367186,209.91476745605468,0.008756558548860729,0.008449842086426119,0.01573007824582499,-0.002359861071497188
2025-08-06 00:00:00-04:00,205.39689808550258,215.1358452662651,205.35693489516686,213.0082550048828,108483100,0.0,0.0,AAPL,2025-08-24 17:35:45.059394,yfinance,3.4506771190124055,0.05090680618623611,0.04965341639925863,205.6605987548828,210.02014770507813,0.019936014318166082,0.0144525018307858,0.04761909003019697,0.037056825055906024
2025-08-07 00:00:00-04:00,218.63187314031333,220.59964108330854,216.33447747046458,219.7805633544922,90224800,0.0,0.0,AAPL,2025-08-24 17:35:45.059394,yfinance,2.5612152592781734,0.03179364268982976,0.031298688431092056,208.14977111816407,210.40071563720704,0.02233098046037774,0.01602528326781355,0.0197155980993657,0.0052539924654153745
2025-08-08 00:00:00-04:00,220.57966572513484,230.73813503605493,219.00145500716468,229.0900115966797,113854000,0.0,0.0,AAPL,2025-08-24 17:35:45.059394,yfinance,3.7123230938537977,0.04235792328538146,0.04148538078488789,213.53765563964845,211.30918502807617,0.02548810876896362,0.018268214808880558,0.053591790193842685,0.03858173346834978
2025-08-11 00:00:00-04:00,227.9199981689453,229.55999755859375,224.75999450683594,227.17999267578125,61806100,0.26,0.0,AAPL,2025-08-24 17:35:45.059394,yfinance,1.1767846302913987,-0.008337416841468825,-0.008372367502324774,218.349755859375,212.24900970458984,0.02590705444542924,0.018112585240675674,0.02135612728719756,-0.003246777374118504
2025-08-12 00:00:00-04:00,228.00999450683594,230.8000030517578,227.07000732421875,229.64999389648438,55626200,0.0,0.0,AAPL,2025-08-24 17:35:45.059394,yfinance,0.8757278316315245,0.010872441677679756,0.010813761630775043,223.74176330566405,213.2878616333008,0.02500805903226206,0.018160005871911248,0.016426633228637896,0.007192664484710861
2025-08-13 00:00:00-04:00,231.07000732421875,235.0,230.42999267578125,233.3300018310547,69878500,0.0,0.0,AAPL,2025-08-24 17:35:45.059394,yfinance,1.5700354760173763,0.01602441991019199,0.015897384212123035,227.80611267089844,214.4582733154297,0.024127724418091228,0.018329540929810928,0.019832519504736627,0.009780561886878274
2025-08-14 00:00:00-04:00,234.05999755859375,235.1199951171875,230.85000610351562,232.77999877929688,51916300,0.0,0.0,AAPL,2025-08-24 17:35:45.059394,yfinance,0.6949982700935923,-0.0023571895917441354,-0.002359972136647118,230.40599975585937,215.6081771850586,0.023768925556973557,0.018363140671990356,0.018496811352723838,-0.005468678085312056
2025-08-15 00:00:00-04:00,234.0,234.27999877929688,229.33999633789062,231.58999633789062,56038700,0.0,0.0,AAPL,2025-08-24 17:35:45.059394,yfinance,0.8958229673856949,-0.005112133549474374,-0.00512524520897985,230.90599670410157,216.64064712524413,0.021010273145725535,0.01851192673495013,0.021540082498859282,-0.010299160949185364
2025-08-18 00:00:00-04:00,231.6999969482422,233.1199951171875,230.11000061035156,230.88999938964844,37476200,0.0,0.0,AAPL,2025-08-24 17:35:45.059394,yfinance,-0.008458141551976467,-0.0030225698834628334,-0.0030271470733909058,231.647998046875,217.57319107055665,0.021525025784425975,0.018591200366719223,0.013080676627926323,-0.0034958893796390063
2025-08-19 00:00:00-04:00,231.27999877929688,232.8699951171875,229.35000610351562,230.55999755859375,39402600,0.0,0.0,AAPL,2025-08-24 17:35:45.059394,yfinance,0.08538736030701506,-0.001429259958971918,-0.0014302823252546539,231.8299987792969,218.3933433532715,0.02147221634722023,0.018600573297148603,0.01534767351208681,-0.003113114945102534
2025-08-20 00:00:00-04:00,229.97999572753906,230.47000122070312,225.77000427246094,226.00999450683594,42263900,0.0,0.0,AAPL,2025-08-24 17:35:45.059394,yfinance,0.22477696499406472,-0.019734572779050663,-0.019931899886152606,230.36599731445312,218.99848175048828,0.01917487206151739,0.01931427559876511,0.02081763236612334,-0.0172623762694841
2025-08-21 00:00:00-04:00,226.27000427246094,226.52000427246094,223.77999877929688,224.89999389648438,30621200,0.0,0.0,AAPL,2025-08-24 17:35:45.059394,yfinance,-0.34240276117582763,-0.004911289931109564,-0.004923389949559607,228.7899963378906,219.56759796142578,0.017113501287066808,0.01936657125741178,0.012244192993612419,-0.00605475913779043
2025-08-22 00:00:00-04:00,226.1699981689453,229.08999633789062,225.41000366210938,227.75999450683594,42445300,0.0,0.0,AAPL,2025-08-24 17:35:45.059394,yfinance,0.2336139531778381,0.012716766064777785,0.012636587025097483,228.02399597167968,220.27372055053712,0.010851853477558985,0.019483813330734782,0.016325773550394756,0.007030093959247962
2025-05-23 00:00:00-04:00,449.24150862772166,452.94541128469075,448.17325738802526,449.441162109375,16883500,0.0,0.0,MSFT,2025-08-24 17:35:45.172941,yfinance,-1.011641419236598,,,,,,,0.010648011272421347,0.0004444234956453943
2025-05-27 00:00:00-04:00,455.7308170830738,460.19348195260824,455.3713920868909,459.93389892578125,20974300,0.0,0.0,MSFT,2025-08-24 17:35:45.172941,yfinance,-0.8123561311319663,0.023346185665684027,0.023077832134556355,,,,,0.010589356181596048,0.009222729043450372
2025-05-28 00:00:00-04:00,460.4630558858422,461.7609101640183,456.1800880198718,456.609375,17086300,0.0,0.0,MSFT,2025-08-24 17:35:45.172941,yfinance,-1.0017619197676384,-0.007228264612688884,-0.007254515090770159,,,,,0.012233813554578914,-0.008369142402593992
2025-05-29 00:00:00-04:00,460.79250051058557,460.9622349154345,454.56275123248776,457.9272155761719,13974800,0.0,0.0,MSFT,2025-08-24 17:35:45.172941,yfinance,-1.153340137704854,0.0028861443683056986,0.002881987450038444,,,,,0.014078328383914868,-0.006218167464181356
2025-05-30 00:00:00-04:00,458.96549737927586,460.9222720478794,454.79236501090486,459.60443115234375,34770500,0.0,0.0,MSFT,2025-08-24 17:35:45.172941,yfinance,-0.14026761745514993,0.0036626247995799055,0.0036559337223287143,456.7032165527344,,,,0.013478473933544515,0.0013921172217002053
2025-06-02 00:00:00-04:00,456.3897628439735,461.35157690062545,456.1401731404802,461.2118225097656,16626500,0.0,0.0,MSFT,2025-08-24 17:35:45.172941,yfinance,-1.024161297754954,0.003497336510424276,0.003491235050857228,459.0573486328125,,,,0.011425005002881523,0.010565661323653915
2025-06-03 00:00:00-04:00,460.7126363614999,463.3782677615003,460.1036216507913,462.2101745605469,15743800,0.0,0.0,MSFT,2025-08-24 17:35:45.172941,yfinance,-1.0671624524948478,0.0021646280560383424,0.002162288624119546,459.5126037597656,,,,0.0071171926423008805,0.003250482146254661
2025-06-04 00:00:00-04:00,463.2384646092932,464.9256933509807,462.2600620562611,463.1086730957031,14162700,0.0,0.0,MSFT,2025-08-24 17:35:45.172941,yfinance,-1.1441864988970756,0.0019439176907138922,0.0019420307277245202,460.8124633789063,,,,0.005766518705643944,-0.00028018293709601035
2025-06-05 00:00:00-04:00,464.1968775224098,468.8791825139859,463.26841119380083,466.91241455078125,20131700,0.0,0.0,MSFT,2025-08-24 17:35:45.172941,yfinance,-0.8534037950991518,0.008213496477298854,0.008179949283099399,462.6095031738281,,,,0.01211127541747688,0.005849968321340866
2025-06-06 00:00:00-04:00,469.31846913564885,472.56313512848675,468.0106215882427,469.6080017089844,15285600,0.0,0.0,MSFT,2025-08-24 17:35:45.172941,yfinance,-1.0894838857131772,0.005773218004487157,0.005756616845517837,464.61021728515624,,,,0.0097273722651734,0.0006169213282161203
2025-06-09 00:00:00-04:00,468.92913895110996,472.6529977632414,467.8508943889836,471.97412109375,16469900,0.0,0.0,MSFT,2025-08-24 17:35:45.172941,yfinance,-1.0317901420194462,0.005038498867470098,0.005025848108148032,466.76267700195314,,0.0076222154118450475,,0.010264174829737958,0.006493480335751761
2025-06-10 00:00:00-04:00,470.4166711436691,472.02401413852874,466.19360257943936,470.1471252441406,15375900,0.0,0.0,MSFT,2025-08-24 17:35:45.172941,yfinance,-1.0850848778135371,-0.003870966156736544,-0.0038784777372117864,468.3500671386719,,0.004559425315308522,,0.0125064169195584,-0.0005729939350855426
2025-06-11 00:00:00-04:00,469.24859086789724,474.68965849935887,468.88919632531986,471.8443298339844,16399200,0.0,0.0,MSFT,2025-08-24 17:35:45.172941,yfinance,-1.0352343264990094,0.0036099435659899815,0.0036034433586060476,470.0971984863281,,0.003131729001092973,,0.012370645814612873,0.005531692617949474
2025-06-12 00:00:00-04:00,474.2403884361742,479.6315503555016,472.7428502291372,478.0840759277344,18950600,0.0,0.0,MSFT,2025-08-24 17:35:45.172941,yfinance,-0.9109416492549112,0.01322416250280134,0.013137486574020791,472.33153076171874,,0.004423015613123227,,0.014571770092398934,0.008104934934442988
2025-06-13 00:00:00-04:00,475.62811338522215,478.3935562569989,471.98410990605987,474.18048095703125,16814500,0.0,0.0,MSFT,2025-08-24 17:35:45.172941,yfinance,-1.0150027873991136,-0.008165080510427192,-0.008198597350111112,473.24602661132815,,0.005940985153530775,,0.013579792659152734,-0.0030436225013857187
2025-06-16 00:00:00-04:00,474.4300645574067,479.90108160832807,474.2204177457221,478.3536376953125,15626100,0.0,0.0,MSFT,2025-08-24 17:35:45.172941,yfinance,-1.072896264563371,0.008800777142615956,0.0087622760316939,474.5219299316406,,0.006206903658222879,,0.011978952508223615,0.00827007694288111
2025-06-17 00:00:00-04:00,474.6197503672441,477.9542649832925,473.30190948641297,477.25543212890625,15414100,0.0,0.0,MSFT,2025-08-24 17:35:45.172941,yfinance,-1.0832239464539994,-0.0022958026862665015,-0.0022984420817148844,475.94359130859374,,0.0064815556095947436,,0.009829572633518135,0.0055532492266130344
2025-06-18 00:00:00-04:00,477.21549881727225,480.2105751696819,473.68130019053103,479.4518127441406,17526500,0.0,0.0,MSFT,2025-08-24 17:35:45.172941,yfinance,-0.9803173652004,0.0046021071052808615,0.004591549788586386,477.465087890625,,0.006477584764082639,,0.013784109646136633,0.004686172038441422
2025-06-20 00:00:00-04:00,481.4385756672578,482.666537493529,476.0873566497709,476.6164855957031,37576200,0.0,0.0,MSFT,2025-08-24 17:35:45.172941,yfinance,-0.003586593490359382,-0.005913685323681417,-0.005931240405101988,477.17156982421875,,0.006862764714126334,,0.013819272349628877,-0.0100160026954039
2025-06-23 00:00:00-04:00,477.425138713905,486.94948990747275,471.7345120072702,485.2023620605469,24864000,0.0,0.0,MSFT,2025-08-24 17:35:45.172941,yfinance,-0.6228675261792465,0.01801422469496128,0.01785389120846863,479.3759460449219,468.48385162353514,0.008492778119394266,,0.032253264310600306,0.016289932632354148
2025-06-24 00:00:00-04:00,488.1475336634371,491.0427680081874,486.0010379300524,489.30560302734375,22305600,0.0,0.0,MSFT,2025-08-24 17:35:45.172941,yfinance,-0.7475012117876579,0.008456762142235563,0.008421204059458473,481.56633911132815,470.4770736694336,0.008637879649392164,0.007955922969196153,0.010373908046798521,0.0023723757348840515
2025-06-25 00:00:00-04:00,491.2324636297239,493.7483167920849,488.58681895090325,491.4620666503906,17495100,0.0,0.0,MSFT,2025-08-24 17:35:45.172941,yfinance,-0.9818470312917479,0.004407191762580975,0.004397508533106577,484.407666015625,472.05348205566406,0.008224181705589273,0.0065754864508236425,0.010564136487071926,0.0004674019688564342
2025-06-26 00:00:00-04:00,492.1709105807123,497.2226034494893,492.0011761864687,496.6335754394531,21578900,0.0,0.0,MSFT,2025-08-24 17:35:45.172941,yfinance,-0.7829027515514293,0.010522701831922499,0.010467723548740357,487.8440185546875,474.05469207763673,0.008431391279065805,0.006264410226858476,0.01061263166785951,0.009067307235763539
2025-06-27 00:00:00-04:00,496.73341116664807,498.4805390751374,492.22084033701867,495.1260681152344,34539200,0.0,0.0,MSFT,2025-08-24 17:35:45.172941,yfinance,-0.15153550812167024,-0.003035451888013796,-0.003040068216224346,491.5459350585937,475.91463470458984,0.00827087229796703,0.006467835360854229,0.01271725661561341,-0.00323582633114737
2025-06-30 00:00:00-04:00,496.22427056302723,499.9381665482639,494.51705506439515,496.5936584472656,28369000,0.0,0.0,MSFT,2025-08-24 17:35:45.172941,yfinance,-0.45211976661956765,0.002964074054145005,0.00295968984791719,493.8241943359375,477.76409606933595,0.007200438675875133,0.0064712548633103755,0.010962435831789087,0.0007443970522023773
2025-07-01 00:00:00-04:00,495.655190908974,497.2325843953567,490.1742108879921,491.242431640625,19945400,0.0,0.0,MSFT,2025-08-24 17:35:45.172941,yfinance,-0.8624794891379444,-0.010775866174716486,-0.010834346316186044,494.21156005859376,479.26562652587893,0.008492548436970629,0.007257047066707521,0.01439972432368025,-0.00890288117482747
2025-07-02 00:00:00-04:00,489.1858263089447,492.69007550131784,487.8979653734086,490.2840270996094,16319600,0.0,0.0,MSFT,2025-08-24 17:35:45.172941,yfinance,-1.0391120787560566,-0.001950980777077449,-0.0019528864190576846,493.9759521484375,480.66931915283203,0.00847070641509975,0.007345286473719313,0.009821951448888724,0.0022449562755138455
2025-07-03 00:00:00-04:00,492.99955771280014,499.3091926553608,492.6301698307581,498.02130126953125,13984800,0.0,0.0,MSFT,2025-08-24 17:35:45.172941,yfinance,-1.1528529828986924,0.01578120791675297,0.01565797942726596,494.2534973144531,482.4149505615234,0.009428843262280455,0.007875298572239085,0.013557884258077881,0.010186101545463367
2025-07-07 00:00:00-04:00,496.56369887519327,497.9314455400232,494.41723357438383,496.90313720703125,13981600,0.0,0.0,MSFT,2025-08-24 17:35:45.172941,yfinance,-1.153008872436664,-0.0022452133265176144,-0.0022477375970166914,494.6089111328125,483.91448669433595,0.0090714812777756,0.00790490833309333,0.00710778615104784,0.0006835746000097704
2025-07-08 00:00:00-04:00,496.42390920841734,497.3823555722493,493.2990413573122,495.804931640625,11846600,0.0,0.0,MSFT,2025-08-24 17:35:45.172941,yfinance,-1.2570164235521888,-0.0022100998850178577,-0.0022125457601855246,494.4511657714844,485.22433319091795,0.007821203521872714,0.007966641716160803,0.008277563653279897,-0.001246872997675203
2025-07-09 00:00:00-04:00,499.47890106455674,505.94827712953634,498.919822567675,502.68365478515625,18659500,0.0,0.0,MSFT,2025-08-24 17:35:45.172941,yfinance,-0.9251227256622785,0.013873849785578818,0.013778488934128244,496.7394104003906,486.75980987548826,0.008464507955240032,0.008336718155709626,0.014087342783234428,0.006416194385326607
2025-07-10 00:00:00-04:00,502.22438258392543,503.6121159415126,496.93309312638246,500.656982421875,16492100,0.0,0.0,MSFT,2025-08-24 17:35:45.172941,yfinance,-1.030708658349767,-0.004031705316035028,-0.00403985455082978,498.8140014648437,488.285302734375,0.008696552709241129,0.008343957525427105,0.01344048707464835,-0.0031209161012578047
2025-07-11 00:00:00-04:00,497.6519112557523,504.20114253320645,496.9829974553982,502.49395751953125,16459500,0.0,0.0,MSFT,2025-08-24 17:35:45.172941,yfinance,-1.0322967830178544,0.0036691290886827765,0.003662414254597777,499.7085327148437,489.81778411865236,0.008196236375837314,0.008344127910608207,0.014523927608722719,0.009729785326375555
2025-07-14 00:00:00-04:00,500.6968893054946,503.14288052756655,500.20770324807717,502.1944274902344,12058800,0.0,0.0,MSFT,2025-08-24 17:35:45.172941,yfinance,-1.2466789985654374,-0.000596086828139053,-0.0005962645585243974,500.76679077148435,491.02330169677737,0.00809167914241804,0.008035500743622217,0.005867916988142992,0.0029909077062910626
2025-07-15 00:00:00-04:00,502.19441482497484,507.465747883617,501.9648118083004,504.9898376464844,14927200,0.0,0.0,MSFT,2025-08-24 17:35:45.172941,yfinance,-1.1069435139660129,0.00556639023300276,0.005550955134918254,502.60377197265626,492.56376953125,0.008187142867954739,0.007654455202359936,0.010958808159280669,0.005566415593219601
2025-07-16 00:00:00-04:00,504.35088083250554,505.88836188358,501.06630238508603,504.7901611328125,15154400,0.0,0.0,MSFT,2025-08-24 17:35:45.172941,yfinance,-1.095875356770019,-0.00039540699393569856,-0.00039548518789409655,503.0250732421875,493.885595703125,0.007000511815633249,0.007574848110789174,0.00962359567095383,0.0008709815269517616
2025-07-17 00:00:00-04:00,504.85005963085433,512.5274410723513,504.7901605415637,510.8601989746094,17503100,0.0,0.0,MSFT,2025-08-24 17:35:45.172941,yfinance,-0.9814573074468185,0.012024873520068091,0.011953149140367906,505.0657165527344,495.56583404541016,0.007345178891225452,0.007750538011464389,0.01532771661493293,0.011904800700924248
2025-07-18 00:00:00-04:00,513.6356127696338,513.7953843002441,506.59719545986655,509.212890625,21209700,0.0,0.0,MSFT,2025-08-24 17:35:45.172941,yfinance,-0.8008885069949196,-0.0032245775907299157,-0.0032297877444273627,506.4095031738281,497.05388793945315,0.006397070314085737,0.007885005296013993,0.014208899900922974,-0.008610622072689842
2025-07-21 00:00:00-04:00,505.8783619126309,511.24956741731427,504.7202620876888,509.2228698730469,14066800,0.0,0.0,MSFT,2025-08-24 17:35:45.172941,yfinance,-1.1488583134881662,1.9597398712045688e-05,1.9597206685536357e-05,507.8151916503906,498.6842071533203,0.00625911405523203,0.007637948533291841,0.01293648347426772,0.006611288823999137
2025-07-22 00:00:00-04:00,510.13139215337156,510.3610256433726,504.44073486328125,504.44073486328125,13868600,0.0,0.0,MSFT,2025-08-24 17:35:45.172941,yfinance,-1.1585137217462915,-0.009391045243034468,-0.009435419138426254,507.70537109375,499.64612579345703,0.007197277596458948,0.007318742915312499,0.01173634556237006,-0.011155277596363668
2025-07-23 00:00:00-04:00,505.9183250285286,505.95826791167354,499.87826643817476,505.0397644042969,16396600,0.0,0.0,MSFT,2025-08-24 17:35:45.172941,yfinance,-1.0353609867486115,0.0011875122281272965,0.0011868076931887295,507.7552917480469,500.4328338623047,0.005806889498531584,0.0071584671776350195,0.012162964228913442,-0.0017365661229649997
2025-07-24 00:00:00-04:00,507.93498157135946,512.826933461713,506.4673929575042,510.0415344238281,16107000,0.0,0.0,MSFT,2025-08-24 17:35:45.172941,yfinance,-1.0494689899350547,0.009903715255829226,0.009854994878966456,507.5915588378906,501.36180725097654,0.0062577159978643455,0.00737385913150173,0.012556663257376543,0.00414728839102947
2025-07-25 00:00:00-04:00,511.6289272082179,517.4393829887753,509.52240467312413,512.866943359375,19125700,0.0,0.0,MSFT,2025-08-24 17:35:45.172941,yfinance,-0.9024115685990196,0.005539566378135463,0.005524279409772387,508.32236938476564,502.17347564697263,0.0063446049219787444,0.007147266439801095,0.015538037666332152,0.002419754015693663
2025-07-28 00:00:00-04:00,513.2362984451797,514.1547714605564,509.2827757416266,511.65887451171875,14308000,0.0,0.0,MSFT,2025-08-24 17:35:45.172941,yfinance,-1.137108139563546,-0.0023555209851178205,-0.0023582995889040834,508.8095703125,503.0001159667969,0.006450070848994784,0.007125472314219058,0.00956638620231186,-0.003073484744239045
2025-07-29 00:00:00-04:00,514.6839236482208,516.7704593446111,510.7204076628311,511.728759765625,16469200,0.0,0.0,MSFT,2025-08-24 17:35:45.172941,yfinance,-1.0318242428558775,0.00013658563818119696,0.00013657631121219527,510.2671752929688,503.75687103271486,0.006333456391207042,0.0071264466056095805,0.011846113041510101,-0.0057417062138813
2025-07-30 00:00:00-04:00,514.3244691518986,515.1032182392812,508.6038929137552,512.3976440429688,26380400,0.0,0.0,MSFT,2025-08-24 17:35:45.172941,yfinance,-0.548995371372885,0.0013071070651766714,0.0013062535444178052,511.73875122070314,504.814631652832,0.006304303584668767,0.006514532400340516,0.012778756545278946,-0.0037463220680655314
2025-07-31 00:00:00-04:00,554.3187056451394,554.5383762548963,531.0270400328567,532.6243896484375,51617300,0.0,0.0,MSFT,2025-08-24 17:35:45.172941,yfinance,0.6804323413893572,0.03947470453976676,0.03871549376276909,516.255322265625,506.93164978027346,0.013386737222298785,0.010509331291272633,0.0442752147246304,-0.03913690044331653
2025-08-01 00:00:00-04:00,534.1219588686084,534.9206337229102,520.0051507892547,523.2498168945312,28977600,0.0,0.0,MSFT,2025-08-24 17:35:45.172941,yfinance,-0.42247152511656605,-0.01760072001226609,-0.01775745450103626,518.3318969726563,508.1930755615234,0.014959354782995895,0.011201549809484837,0.028683336907369246,-0.020355167567172948
2025-08-04 00:00:00-04:00,527.4030257699867,537.3666271513684,527.2632409127965,534.7609252929688,25349000,0.0,0.0,MSFT,2025-08-24 17:35:45.172941,yfinance,-0.5992405180804036,0.021999259295981233,0.021760767021936193,522.9523071289062,510.0859649658203,0.01607495400344841,0.011944502496713194,0.019161939339979384,0.013951189438550948
2025-08-05 00:00:00-04:00,536.2983661514853,536.4181643311854,526.374677366439,526.8838500976562,19171600,0.0,0.0,MSFT,2025-08-24 17:35:45.172941,yfinance,-0.9001755280387375,-0.014730087451690799,-0.014839652455779034,525.9833251953125,511.63991088867186,0.016683910250429947,0.012583983552587984,0.019080490374263553,-0.0175546237841228
2025-08-06 00:00:00-04:00,530.0287318260303,530.8274067099719,523.1700114791388,524.0784912109375,21355700,0.0,0.0,MSFT,2025-08-24 17:35:45.172941,yfinance,-0.7937760468249586,-0.0053244351410633994,-0.005338660462852997,528.3194946289062,512.7096527099609,0.016951901188131703,0.012451942998144252,0.014636533178160677,-0.011226260498356875
2025-08-07 00:00:00-04:00,525.9354090023164,527.2233308658066,516.7005900083886,519.9852294921875,16079100,0.0,0.0,MSFT,2025-08-24 17:35:45.172941,yfinance,-1.0508281518442457,-0.007810398227357296,-0.007841059141235942,525.7916625976562,513.6760650634766,0.01717139163749431,0.012578838776254653,0.02036525806414718,-0.01131351760744961
2025-08-08 00:00:00-04:00,521.7423060527517,523.7989228282858,518.5575389118288,521.1832275390625,15531000,0.0,0.0,MSFT,2025-08-24 17:35:45.172941,yfinance,-1.077529106769969,0.002303907839930286,0.0023012579136063877,525.3783447265625,514.6105285644531,0.017129048470140767,0.012572835797220188,0.010107622632303734,-0.0010715606290755235
2025-08-11 00:00:00-04:00,521.4427947726738,526.7241518809952,518.8670119786243,520.9136962890625,20194400,0.0,0.0,MSFT,2025-08-24 17:35:45.172941,yfinance,-0.8503493344645179,-0.0005171525785138131,-0.0005172863480300331,522.6088989257812,515.5464920043945,0.017090029748377703,0.012572022802307927,0.015142878080471652,-0.0010146817424947683
2025-08-12 00:00:00-04:00,522.8904188907295,530.1085334795151,521.8421543429575,528.3713989257812,18667000,0.0,0.0,MSFT,2025-08-24 17:35:45.172941,yfinance,-0.9247573595576573,0.014316580058936212,0.014215065572963223,522.9064086914062,516.7155700683594,0.01750840910018804,0.012855186335070703,0.015840765388081084,0.010482081593078733
2025-08-13 00:00:00-04:00,531.236692379076,531.825750889051,518.5176108745642,519.7256469726562,19619200,0.0,0.0,MSFT,2025-08-24 17:35:45.172941,yfinance,-0.8783704789149394,-0.016363020350273483,-0.016498373118956536,522.03583984375,517.4623443603516,0.018594559650277374,0.013513219804034741,0.02566574352612735,-0.021668392962219857
2025-08-14 00:00:00-04:00,521.7023833261101,525.0868343553949,519.2863720398742,521.6224975585938,20269100,0.0,0.0,MSFT,2025-08-24 17:35:45.172941,yfinance,-0.8467102880624899,0.003649715185283675,0.003643071135835069,522.3632934570312,518.0004592895508,0.01312919956536965,0.013299440077885732,0.011170064588321784,-0.00015312517264537895
2025-08-15 00:00:00-04:00,521.9120536418995,525.2365445998882,518.2281072023833,519.3162841796875,25213300,0.0,0.0,MSFT,2025-08-24 17:35:45.172941,yfinance,-0.605851208800018,-0.004421230659529152,-0.004431033203343378,521.9899047851562,518.5056289672851,0.012003213387043195,0.013322714714218283,0.01352384654576052,-0.00497357637958116
2025-08-18 00:00:00-04:00,520.7339636806648,521.9619254356152,513.176380682391,516.2512817382812,23760600,0.0,0.0,MSFT,2025-08-24 17:35:45.172941,yfinance,-0.6766201874911294,-0.005901995633061485,-0.00591948124322942,521.057421875,518.8570495605469,0.009013730906055164,0.013412694907727202,0.017119932023258077,-0.008608391722135761
2025-08-19 00:00:00-04:00,514.1547770514178,514.314487646487,507.7153506663982,508.933349609375,21481000,0.0,0.0,MSFT,2025-08-24 17:35:45.172941,yfinance,-0.7876719971037525,-0.014175136000177835,-0.014276562874517987,517.1698120117187,519.0816802978516,0.008938161406151654,0.013644113132528744,0.012997710176434816,-0.010155361138501353
2025-08-20 00:00:00-04:00,509.0331975839143,510.161347905157,503.6121166003689,504.8900146484375,27723000,0.0,0.0,MSFT,2025-08-24 17:35:45.172941,yfinance,-0.483589967097614,-0.00794472392905854,-0.007976451403961518,514.202685546875,519.0741928100585,0.009037905391418043,0.013773182730922286,0.013004514960836678,-0.008139317740261465
2025-08-21 00:00:00-04:00,503.69000244140625,507.6300048828125,502.7200012207031,504.239990234375,18443300,0.83,0.0,MSFT,2025-08-24 17:35:45.172941,yfinance,-0.9356550125714946,-0.0012874574564821772,-0.0012882869418611635,510.72618408203124,518.7841156005859,0.008942070237391667,0.013578788326885824,0.009766875497666532,0.0010919172314378615
2025-08-22 00:00:00-04:00,504.25,510.7300109863281,502.4100036621094,507.2300109863281,24309100,0.0,0.0,MSFT,2025-08-24 17:35:45.172941,yfinance,-0.6498997463731596,0.005929757278004377,0.005912245460434202,508.3089294433594,518.5022689819336,0.009250747474796109,0.0135881771913264,0.016560194390186314,0.005909788768127169
2025-05-23 00:00:00-04:00,168.85557933287677,169.7545002456487,167.68699586257836,168.26629638671875,35211400,0.0,0.0,GOOGL,2025-08-24 17:35:45.252535,yfinance,-0.1187889620514802,,,,,,,0.012329545129216158,-0.0034898636366425743
2025-05-27 00:00:00-04:00,169.9542560308247,172.9606110264557,169.79444583588602,172.69093322753906,37995700,0.0,0.0,GOOGL,2025-08-24 17:35:45.252535,yfinance,0.01684955062812429,0.026295443210156533,0.02595566164228852,,,,,0.018647048052619533,0.01610243403506185
2025-05-28 00:00:00-04:00,172.95063181853965,175.0580811773991,171.70214322301487,172.15159606933594,34784000,0.0,0.0,GOOGL,2025-08-24 17:35:45.252535,yfinance,-0.13960995846683164,-0.003123135350091011,-0.003128022515470524,,,,,0.019545113947851925,-0.004620022146216045
2025-05-29 00:00:00-04:00,173.78960291012612,174.20909322624098,170.42368271917738,171.65219116210938,29317300,0.0,0.0,GOOGL,2025-08-24 17:35:45.252535,yfinance,-0.4059228763512528,-0.002900960076056558,-0.0029051760162282165,,,,,0.02221176333397963,-0.012298847066945028
2025-05-30 00:00:00-04:00,171.14282080509608,172.0017815585655,167.23754486546525,171.5323486328125,52639900,0.0,0.0,GOOGL,2025-08-24 17:35:45.252535,yfinance,0.7302487918674534,-0.000698170693222866,-0.0006984145278800503,171.25867309570313,,,,0.028487841632289346,0.0022760395433707964
2025-06-02 00:00:00-04:00,167.637058963566,169.66460324672883,167.18760611208933,168.82562255859375,38612300,0.0,0.0,GOOGL,2025-08-24 17:35:45.252535,yfinance,0.046887515976055234,-0.015779682933234063,-0.015905507533531028,171.37053833007812,,,,0.014815674392627076,0.0070901004967288605
2025-06-03 00:00:00-04:00,167.28749382619188,168.276287066322,165.08015922486254,165.97906494140625,45084900,0.0,0.0,GOOGL,2025-08-24 17:35:45.252535,yfinance,0.3622033358122827,-0.01686093363108765,-0.017004697458689433,170.02816467285157,,,,0.019361065899542045,-0.007821438739138842
2025-06-04 00:00:00-04:00,166.53838821108508,168.01659436979696,166.15884281939123,167.8468017578125,26900800,0.0,0.0,GOOGL,2025-08-24 17:35:45.252535,yfinance,-0.5236438352602296,0.011252845755370444,0.01119000348338648,169.16720581054688,,,,0.011180575880785637,0.007856528220202458
2025-06-05 00:00:00-04:00,170.1340365467451,170.72331951416996,167.3873615992156,168.00662231445312,36379100,0.0,0.0,GOOGL,2025-08-24 17:35:45.252535,yfinance,-0.0619038953359775,0.0009521811256865131,0.0009517280887977651,168.43809204101564,,,,0.019929568654901253,-0.012504342314287395
2025-06-06 00:00:00-04:00,170.6234412090639,174.2890017669552,170.6234412090639,173.46998596191406,35731800,0.0,0.0,GOOGL,2025-08-24 17:35:45.252535,yfinance,-0.0934374259388249,0.0325187398698803,0.032001195683383055,168.82561950683595,,,,0.021483335067658767,0.016683198584433043
2025-06-09 00:00:00-04:00,174.5399932861328,176.47000122070312,174.3699951171875,176.08999633789062,28935900,0.21,0.0,GOOGL,2025-08-24 17:35:45.252535,yfinance,-0.4245029606582604,0.0151035371418764,0.014990614327718135,170.27849426269532,,0.016458252801352255,,0.012043391422384855,0.008880503674689668
2025-06-10 00:00:00-04:00,176.1999969482422,181.11000061035156,174.91000366210938,178.60000610351562,61766100,0.0,0.0,GOOGL,2025-08-24 17:35:45.252535,yfinance,1.174836011066752,0.014254130375519258,0.014153495440736175,172.80268249511718,,0.015083866938038645,,0.035446783022309705,0.013620937553014984
2025-06-11 00:00:00-04:00,179.77000427246094,180.3699951171875,176.75,177.35000610351562,31646800,0.0,0.0,GOOGL,2025-08-24 17:35:45.252535,yfinance,-0.2924401642558828,-0.006998879939990044,-0.007023486981900746,174.7033233642578,,0.01532009439455091,,0.02048087760785007,-0.013461634930361035
2025-06-12 00:00:00-04:00,176.17999267578125,176.72000122070312,174.75,175.6999969482422,20941900,0.0,0.0,GOOGL,2025-08-24 17:35:45.252535,yfinance,-0.8139345127039301,-0.009303688178676217,-0.00934723781080507,176.24199829101562,,0.01572643494032647,,0.01127325448184907,-0.0027244621835260502
2025-06-13 00:00:00-04:00,172.44000244140625,177.1300048828125,172.38999938964844,174.6699981689453,27663100,0.0,0.0,GOOGL,2025-08-24 17:35:45.252535,yfinance,-0.48650802438652263,-0.005862258378981577,-0.005879508866547848,176.48200073242188,,0.015924616849751456,,0.027495826381728542,0.012932009371182869
2025-06-16 00:00:00-04:00,174.72999572753906,176.94000244140625,174.64999389648438,176.77000427246094,27389200,0.0,0.0,GOOGL,2025-08-24 17:35:45.252535,yfinance,-0.4998511945272918,0.01202270639222447,0.011951007760031662,176.61800231933594,,0.014882528399926633,,0.013111987546241603,0.011675205143957723
2025-06-17 00:00:00-04:00,175.6999969482422,177.36000061035156,174.5800018310547,175.9499969482422,24973000,0.0,0.0,GOOGL,2025-08-24 17:35:45.252535,yfinance,-0.6175575387920839,-0.004638837497310089,-0.004649630294262143,176.08800048828124,,0.013335905304683147,,0.01592392456260338,0.0014228799336498859
2025-06-18 00:00:00-04:00,176.00999450683594,176.55999755859375,173.1999969482422,173.32000732421875,28707500,0.0,0.0,GOOGL,2025-08-24 17:35:45.252535,yfinance,-0.4356295764309938,-0.014947369534749622,-0.015060207293067038,175.28200073242186,,0.014679943135061347,,0.019399541972022323,-0.015283150199250264
2025-06-20 00:00:00-04:00,173.9499969482422,174.33999633789062,165.4600067138672,166.63999938964844,75659900,0.0,0.0,GOOGL,2025-08-24 17:35:45.252535,yfinance,1.8516791556517065,-0.0385414704147482,-0.039303845840045475,173.47000122070312,,0.019803254652272805,,0.05366849548954603,-0.042023556693529564
2025-06-23 00:00:00-04:00,166.27000427246094,167.33999633789062,162.0,165.19000244140625,57671000,0.0,0.0,GOOGL,2025-08-24 17:35:45.252535,yfinance,0.9753412463954706,-0.008701373941149115,-0.008739451943589159,171.57400207519532,172.03507385253906,0.016073264505716976,,0.032962940357349535,-0.006495470038509927
2025-06-24 00:00:00-04:00,166.9199981689453,168.22000122070312,166.1300048828125,166.77000427246094,40524300,0.0,0.0,GOOGL,2025-08-24 17:35:45.252535,yfinance,0.1400315149141739,0.009564754571724787,0.009519301905937269,169.57400207519532,171.96025924682618,0.015393736829693697,0.01633480762895212,0.012580486826355665,-0.0008985975205473053
2025-06-25 00:00:00-04:00,167.6300048828125,172.36000061035156,167.5500030517578,170.67999267578125,35479000,0.0,0.0,GOOGL,2025-08-24 17:35:45.252535,yfinance,-0.10575269943859289,0.02344539367482623,0.023174772155437093,168.52000122070314,171.85971221923828,0.016893357846797283,0.01610116211085835,0.02870783330936673,0.018194760509020736
2025-06-26 00:00:00-04:00,172.42999267578125,173.69000244140625,169.94000244140625,173.5399932861328,31796700,0.0,0.0,GOOGL,2025-08-24 17:35:45.252535,yfinance,-0.2851377137115188,0.01675650769322634,0.016617666269814747,168.56399841308593,171.92913208007812,0.018112906598930136,0.01653599148605785,0.022066611428306678,0.006437398698025162
2025-06-27 00:00:00-04:00,173.5399932861328,178.67999267578125,171.72999572753906,178.52999877929688,108140200,0.0,0.0,GOOGL,2025-08-24 17:35:45.252535,yfinance,3.4339725807091206,0.028754210477215603,0.028348565809725054,170.94199829101564,172.2730224609375,0.020281077434336603,0.017666435148627375,0.0404704892630919,0.0287542104772157
2025-06-30 00:00:00-04:00,180.77999877929688,181.22999572753906,174.5800018310547,176.22999572753906,63378900,0.0,0.0,GOOGL,2025-08-24 17:35:45.252535,yfinance,1.2534043382045121,-0.01288300603531134,-0.012966711654732965,173.14999694824218,172.50790481567384,0.020692572057784436,0.017975932887285974,0.03809138404592145,-0.025168730404255782
2025-07-01 00:00:00-04:00,175.74000549316406,176.08999633789062,173.52999877929688,175.83999633789062,35904500,0.0,0.0,GOOGL,2025-08-24 17:35:45.252535,yfinance,-0.08502426243641219,-0.002213013670223307,-0.002215466003675258,174.96399536132813,172.85862350463867,0.02034307995204601,0.01754002873438113,0.01475247839913644,0.0005689703061404078
2025-07-02 00:00:00-04:00,175.5399932861328,178.86000061035156,175.07000732421875,178.63999938964844,29128900,0.0,0.0,GOOGL,2025-08-24 17:35:45.252535,yfinance,-0.4151008728993394,0.015923584565922022,0.0157981342863074,176.55599670410157,173.49167022705078,0.02089212575769625,0.017195079010844015,0.02164844420845874,0.01765982808523052
2025-07-03 00:00:00-04:00,178.5,179.6699981689453,177.0500030517578,179.52999877929688,21689700,0.0,0.0,GOOGL,2025-08-24 17:35:45.252535,yfinance,-0.7775050762991575,0.004982083479003974,0.0049697139680537255,177.75399780273438,174.075830078125,0.020059955911875454,0.017109428035368825,0.014798051804729906,0.005770301284576331
2025-07-07 00:00:00-04:00,179.05999755859375,179.3000030517578,175.67999267578125,176.7899932861328,34175600,0.0,0.0,GOOGL,2025-08-24 17:35:45.252535,yfinance,-0.16924845687370998,-0.015262103892355383,-0.015379768541878322,177.40599670410157,174.51499862670897,0.015428094751877909,0.01761369496145526,0.020605706551100094,-0.012677338899874187
2025-07-08 00:00:00-04:00,177.85000610351562,177.9499969482422,172.80999755859375,174.36000061035156,40442500,0.0,0.0,GOOGL,2025-08-24 17:35:45.252535,yfinance,0.13604658859977112,-0.01374508042346223,-0.01384041867070402,177.03199768066406,174.55949935913085,0.01603398862840109,0.01649361471798765,0.029743645982667443,-0.019623308256355883
2025-07-09 00:00:00-04:00,175.25,179.44000244140625,172.77000427246094,176.6199951171875,43025600,0.0,0.0,GOOGL,2025-08-24 17:35:45.252535,yfinance,0.26188354657940205,0.012961656910557284,0.01287837352407479,177.18799743652343,174.58599929809571,0.016164362919046667,0.01639970617268362,0.03860622795625231,0.007817375847004279
2025-07-10 00:00:00-04:00,175.6300048828125,178.42999267578125,174.3800048828125,177.6199951171875,29252400,0.0,0.0,GOOGL,2025-08-24 17:35:45.252535,yfinance,-0.4090845110432423,0.0056618731040984915,0.005645904945348064,176.98399658203124,174.5369987487793,0.014948709021957244,0.016124558323027265,0.023225069844965526,0.011330582355234816
2025-07-11 00:00:00-04:00,176.7899932861328,181.42999267578125,176.47999572753906,180.19000244140625,34282900,0.0,0.0,GOOGL,2025-08-24 17:35:45.252535,yfinance,-0.16402128580359485,0.014469132951631547,0.01436545394764916,177.11599731445312,174.67899856567382,0.014749593904346846,0.016357593673660284,0.028048487466445234,0.01923190952199742
2025-07-14 00:00:00-04:00,181.00999450683594,183.6699981689453,179.67999267578125,181.55999755859375,32536600,0.0,0.0,GOOGL,2025-08-24 17:35:45.252535,yfinance,-0.249093129603614,0.007603058430686094,0.007574300853646758,178.06999816894532,174.9719985961914,0.012054114280489624,0.01623774067997156,0.022206175733564957,0.0030385231117005607
2025-07-15 00:00:00-04:00,182.80999755859375,184.22000122070312,181.60000610351562,182.0,33448300,0.0,0.0,GOOGL,2025-08-24 17:35:45.252535,yfinance,-0.20467922592585103,0.0024234547660435535,0.002420522935359342,179.597998046875,175.33849868774413,0.010906779218082136,0.01613822573148023,0.0144272854027001,-0.004430816527603376
2025-07-16 00:00:00-04:00,183.24000549316406,184.3300018310547,182.02999877929688,182.97000122070312,33104200,0.0,0.0,GOOGL,2025-08-24 17:35:45.252535,yfinance,-0.22144222280587542,0.005329677036830294,0.005315524571281797,180.8679992675781,175.64849853515625,0.010744260719455783,0.01599215306384169,0.012635296748787335,-0.0014735006787096514
2025-07-17 00:00:00-04:00,182.13999938964844,184.05999755859375,180.47999572753906,183.5800018310547,31992600,0.0,0.0,GOOGL,2025-08-24 17:35:45.252535,yfinance,-0.2755943510588109,0.0033338831845759476,0.0033283381170188036,182.06000061035155,176.02999877929688,0.009900889993304011,0.015921177976918503,0.019836003522845952,0.007906019799229723
2025-07-18 00:00:00-04:00,185.39999389648438,186.4199981689453,183.7100067138672,185.05999755859375,34014500,0.0,0.0,GOOGL,2025-08-24 17:35:45.252535,yfinance,-0.1770965208009751,0.008061857025696506,0.008029533863276112,183.03399963378905,176.61699829101562,0.010024276310820163,0.01543738594076474,0.014751463480696524,-0.001833853015553266
2025-07-21 00:00:00-04:00,186.25,190.2899932861328,186.14999389648438,190.10000610351562,45803100,0.0,0.0,GOOGL,2025-08-24 17:35:45.252535,yfinance,0.3971907939908166,0.0272344569945544,0.026870197972878783,184.74200134277345,177.78999862670898,0.010384102899318012,0.012816741465171514,0.022240126378680614,0.020671173710151005
2025-07-22 00:00:00-04:00,191.5,191.64999389648438,187.4600067138672,191.33999633789062,44660200,0.0,0.0,GOOGL,2025-08-24 17:35:45.252535,yfinance,0.3415138711945949,0.006522831112902638,0.006501649509492381,186.61000061035156,179.0974983215332,0.007346520870075618,0.012296349085247628,0.0223513657983201,-0.0008355282616677546
2025-07-23 00:00:00-04:00,191.5,192.52999877929688,189.17999267578125,190.22999572753906,58681900,0.0,0.0,GOOGL,2025-08-24 17:35:45.252535,yfinance,1.0245877257503577,-0.005801194897021911,-0.005818087190142539,188.06199951171874,180.2704978942871,0.008611586626206985,0.012632467058959738,0.01770803590872795,-0.0066318760964017625
2025-07-24 00:00:00-04:00,197.02999877929688,197.9499969482422,191.0,192.1699981689453,74881700,0.0,0.0,GOOGL,2025-08-24 17:35:45.252535,yfinance,1.8137687686362023,0.010198194212151845,0.010146543495428166,189.77999877929688,181.34499816894532,0.008624413546389889,0.012040449678802695,0.03638741857718423,-0.024666297723502966
2025-07-25 00:00:00-04:00,191.97999572753906,194.3300018310547,191.25999450683594,193.17999267578125,39785900,0.0,0.0,GOOGL,2025-08-24 17:35:45.252535,yfinance,0.10406000402719334,0.0052557345915569265,0.005241971421160394,191.40399780273438,182.32699813842774,0.008336440709816763,0.011772119430070796,0.016051487045865325,0.0062506353523689075
2025-07-28 00:00:00-04:00,193.64999389648438,194.0500030517578,190.83999633789062,192.5800018310547,38139500,0.0,0.0,GOOGL,2025-08-24 17:35:45.252535,yfinance,0.02385483674072966,-0.003105864310356088,-0.003110697517030469,191.89999694824218,183.0294982910156,0.00892007580939258,0.010542733241403358,0.01682040859078476,-0.005525391681662804
2025-07-29 00:00:00-04:00,192.42999267578125,195.9199981689453,192.0800018310547,195.75,41389200,0.0,0.0,GOOGL,2025-08-24 17:35:45.252535,yfinance,0.18216553409910008,0.016460681996079085,0.016326673550753658,192.78199768066406,184.00549850463867,0.009396069972895183,0.010125428179721757,0.019991650881324548,0.017253065793192215
2025-07-30 00:00:00-04:00,195.60000610351562,197.60000610351562,194.69000244140625,196.52999877929688,32445400,0.0,0.0,GOOGL,2025-08-24 17:35:45.252535,yfinance,-0.2535359814358088,0.003984668093470534,0.0039767503297007244,194.04199829101563,185.03999862670898,0.009437722221554501,0.00997666490441665,0.014946857186388744,0.004754563633751005
2025-07-31 00:00:00-04:00,195.7100067138672,195.99000549316406,191.08999633789062,191.89999389648438,51329200,0.0,0.0,GOOGL,2025-08-24 17:35:45.252535,yfinance,0.6663974114238383,-0.023558769203535168,-0.02384071399266895,193.98799743652344,185.70299835205077,0.01358614562230503,0.011604904727967222,0.025642415873037675,-0.019467644405904826
2025-08-01 00:00:00-04:00,189.02999877929688,190.8300018310547,187.82000732421875,189.1300048828125,34832200,0.0,0.0,GOOGL,2025-08-24 17:35:45.252535,yfinance,-0.13726187230113218,-0.014434544563696416,-0.014539736090352792,193.1779998779297,186.18299865722656,0.014748288104919828,0.01228016878008783,0.016025952451593845,0.0005290488502430121
2025-08-04 00:00:00-04:00,190.2899932861328,195.27000427246094,190.1199951171875,195.0399932861328,31547400,0.0,0.0,GOOGL,2025-08-24 17:35:45.252535,yfinance,-0.2972824830291302,0.031248285574688284,0.030769996192342237,193.6699981689453,187.09549865722656,0.015536583162981045,0.013081415391775859,0.027088203700505246,0.02496190113821477
2025-08-05 00:00:00-04:00,194.7100067138672,197.86000061035156,193.88999938964844,194.6699981689453,31602300,0.0,0.0,GOOGL,2025-08-24 17:35:45.252535,yfinance,-0.29460800314330243,-0.0018970217900114994,-0.0018988234146887944,193.45399780273436,188.11099853515626,0.015533156835857561,0.01244015987836212,0.020475533721184172,-0.00020547760023792143
2025-08-06 00:00:00-04:00,194.5,196.6300048828125,193.6699981689453,196.08999633789062,21562900,0.0,0.0,GOOGL,2025-08-24 17:35:45.252535,yfinance,-0.783682199241288,0.0072943863065790815,0.007267910940524433,193.36599731445312,189.0844985961914,0.015368995516755838,0.012327628061853599,0.015283764867313455,0.00817478836961761
2025-08-07 00:00:00-04:00,197.05999755859375,197.5399932861328,194.3300018310547,196.52000427246094,26321800,0.0,0.0,GOOGL,2025-08-24 17:35:45.252535,yfinance,-0.5518500985369926,0.0021929111255085676,0.0021905102052688368,194.28999938964844,190.02949905395508,0.015167940879107247,0.012346868370434569,0.0165182494974132,-0.0027402481113512197
2025-08-08 00:00:00-04:00,197.22000122070312,202.61000061035156,197.1699981689453,201.4199981689453,39161800,0.0,0.0,GOOGL,2025-08-24 17:35:45.252535,yfinance,0.07365667257464112,0.024933817372051692,0.024628042088230953,196.747998046875,191.09099884033202,0.01677860737773934,0.012969049111760927,0.027590416858172196,0.021295998997292846
2025-08-11 00:00:00-04:00,200.94000244140625,201.47999572753906,199.07000732421875,201.0,25832400,0.0,0.0,GOOGL,2025-08-24 17:35:45.252535,yfinance,-0.5756914547505466,-0.0020851860429123015,-0.0020873630701934726,197.93999938964845,192.06299896240233,0.016731508484922268,0.013073327169749162,0.012106235568652207,0.00029858444244443153
2025-08-12 00:00:00-04:00,201.3699951171875,204.5,200.58999633789062,203.33999633789062,30397900,0.0,0.0,GOOGL,2025-08-24 17:35:45.252535,yfinance,-0.3532809279974186,0.011641772825326413,0.011574528778155487,199.6739990234375,193.12999877929687,0.016412344970129132,0.013133404608835664,0.019492515746014755,0.00978299284139467
2025-08-13 00:00:00-04:00,204.1300048828125,204.52999877929688,197.50999450683594,201.9600067138672,28342900,0.0,0.0,GOOGL,2025-08-24 17:35:45.252535,yfinance,-0.45339124066364966,-0.0067866118268749,-0.006809745602967713,200.8480010986328,194.0794990539551,0.01675831506357964,0.013424715990525546,0.035542526797133656,-0.010630471351779327
2025-08-14 00:00:00-04:00,201.5,204.44000244140625,201.22999572753906,202.94000244140625,25230400,0.0,0.0,GOOGL,2025-08-24 17:35:45.252535,yfinance,-0.6050181740814815,0.00485242471261893,0.004840689646860656,202.1320007324219,195.04749908447266,0.013956911780819873,0.013418883186372332,0.01595192954341392,0.007146414101271712
2025-08-15 00:00:00-04:00,203.85000610351562,206.44000244140625,201.27999877929688,203.89999389648438,34931400,0.0,0.0,GOOGL,2025-08-24 17:35:45.252535,yfinance,-0.13242929662400804,0.004730420043013828,0.004719266765416983,202.62799987792968,195.9894989013672,0.012074405970013772,0.013400985951255306,0.025635948397273733,0.0002452185012119453
2025-08-18 00:00:00-04:00,204.1999969482422,205.27000427246094,202.49000549316406,203.5,18526600,0.0,0.0,GOOGL,2025-08-24 17:35:45.252535,yfinance,-0.9315970130361676,-0.001961716078753062,-0.001963642763891707,203.12799987792968,196.6594985961914,0.009036024603249532,0.012397686000847103,0.01372906663973954,-0.003427996859469166
2025-08-19 00:00:00-04:00,203.02999877929688,203.44000244140625,199.9600067138672,201.57000732421875,24240200,0.0,0.0,GOOGL,2025-08-24 17:35:45.252535,yfinance,-0.6532562429876139,-0.009483993492782505,-0.009529252946624728,202.7740020751953,197.1709991455078,0.009891400131918837,0.012704084587044898,0.017403458745221805,-0.007191013465282065
2025-08-20 00:00:00-04:00,200.72999572753906,201.27999877929688,196.60000610351562,199.32000732421875,28955500,0.0,0.0,GOOGL,2025-08-24 17:35:45.252535,yfinance,-0.4235481372381834,-0.011162374947880749,-0.0112251417767915,202.24600219726562,197.6254997253418,0.010792448136857317,0.012946788124803318,0.023804641558948365,-0.007024303459031408
2025-08-21 00:00:00-04:00,199.75,202.47999572753906,199.42999267578125,199.75,19774600,0.0,0.0,GOOGL,2025-08-24 17:35:45.252535,yfinance,-0.8708000932271864,0.0021572981134894142,0.002154974487150572,201.60800170898438,198.00449981689454,0.010792268574854087,0.012816593832575747,0.015293602586228267,0.0
2025-08-22 00:00:00-04:00,202.72999572753906,208.5399932861328,201.3000030517578,206.08999633789062,42782300,0.0,0.0,GOOGL,2025-08-24 17:35:45.252535,yfinance,0.2500310701454877,0.031739656259777815,0.031246364167566244,202.04600219726564,198.65,0.01250075427913588,0.014435121849782464,0.03596617051472905,0.01657377142584893
