date,symbol,open,high,low,close,volume,data_source,fetch_timestamp,daily_return,volatility_20d,sma_20,sma_50
2023-01-01,MSFT,0.2317995742077502,0.20176721355026053,0.29431435900549346,0.2543006615672913,0.7370517810661111,simulated,2025-08-20 16:55:58.540384,0.0015378055834981,0.0188090342080434,234.99442749559742,230.81099304434719
2023-01-02,MSFT,0.27205348786791383,0.2334349684392573,0.1771353711908154,0.2364587874203353,0.14195557085430116,simulated,2025-08-20 16:55:58.540384,-0.0022652860234236,0.0188090342080434,234.99442749559742,230.81099304434719
2023-01-03,MSFT,0.3024664557037983,0.3261178768624178,0.38395541426249147,0.34218350469941533,-0.37548865384272184,simulated,2025-08-20 16:55:58.540384,0.0134537707620139,0.0188090342080434,234.99442749559742,230.81099304434719
2023-01-04,MSFT,0.6258606182827515,0.6499281329352765,0.5087657932394966,0.588756652835378,1.5603643823296873,simulated,2025-08-20 16:55:58.540384,0.0309605971281605,0.0188090342080434,234.99442749559742,230.81099304434719
2023-01-05,MSFT,0.5157901100309767,0.5275692728770752,0.4743764093101154,0.5544108722634897,1.1153355876780895,simulated,2025-08-20 16:55:58.540384,-0.0041830674944666,0.0188090342080434,234.99442749559742,230.81099304434719
2023-01-06,MSFT,0.5507246849646192,0.5282918198343809,0.4905911547186527,0.5202114471502852,0.3700067912262154,simulated,2025-08-20 16:55:58.540384,-0.0041827391389835,0.0188090342080434,234.99442749559742,230.81099304434719
2023-01-07,MSFT,0.7820016919043404,0.7966212387644896,0.7789006100315421,0.7814454183071264,-1.460164239714432,simulated,2025-08-20 16:55:58.540384,0.0320842563101477,0.0188090342080434,234.99442749559742,230.81099304434719
2023-01-08,MSFT,0.9546117751061283,0.8263076057306274,0.9609584601708239,0.9146276613136677,1.4003024835573181,simulated,2025-08-20 16:55:58.540384,0.0158486945830582,0.0188090342080434,234.99442749559742,230.81099304434719
2023-01-09,MSFT,0.8008753529735082,0.8588299235279404,0.8697036758229026,0.8387421980617483,0.9408720865015493,simulated,2025-08-20 16:55:58.540384,-0.008889487718699,0.0188090342080434,234.99442749559742,230.81099304434719
2023-01-10,MSFT,0.9373236050330923,0.873618896963229,0.9245918892395778,0.9347807818026592,1.600096843243318,simulated,2025-08-20 16:55:58.540384,0.0113512008717193,0.0188090342080434,234.99442749559742,230.81099304434719
2023-01-11,MSFT,0.8975672116818129,0.9289111316916345,0.8199305726842371,0.8597526728633876,0.4593195669798866,simulated,2025-08-20 16:55:58.540384,-0.0087683538562493,0.0188090342080434,234.99442749559742,230.81099304434719
2023-01-12,MSFT,0.7851545348090443,0.7209742741754891,0.8695942339513095,0.784990234457829,1.3674961290613719,simulated,2025-08-20 16:55:58.540384,-0.0088145950714051,0.0188090342080434,234.99442749559742,230.81099304434719
2023-01-13,MSFT,0.8389340171840693,0.8090258551674403,0.8165095336360844,0.8298767480674405,1.682602464131823,simulated,2025-08-20 16:55:58.540384,0.0053392454313205,0.0188090342080434,234.99442749559742,230.81099304434719
2023-01-14,MSFT,0.5253232269887003,0.44038324439095733,0.5022994783819559,0.5106898387824129,-1.0068520996394796,simulated,2025-08-20 16:55:58.540384,-0.0377656048931559,0.0188090342080434,234.99442749559742,230.81099304434719
2023-01-15,MSFT,0.22989613520237304,0.3074561922785099,0.1802623476362243,0.23419474566762744,-1.0133648762837493,simulated,2025-08-20 16:55:58.540384,-0.0339983566502606,0.0188090342080434,234.99442749559742,230.81099304434719
2023-01-16,MSFT,0.15909500183611808,0.1479210213098156,0.19651569491719062,0.14977498349480464,-1.425685532084985,simulated,2025-08-20 16:55:58.540384,-0.0107457505848194,0.0188090342080434,234.99442749559742,230.81099304434719
2023-01-17,MSFT,0.0023589384948362216,0.0092393030477803,0.026496251111710487,-0.003767298972961484,1.4609647298951676,simulated,2025-08-20 16:55:58.540384,-0.0197566224066885,0.0188090342080434,234.99442749559742,230.81099304434719
2023-01-18,MSFT,0.07824907022212159,-0.018239435980751117,0.00438756683458561,0.04792140547309451,0.40775998071214115,simulated,2025-08-20 16:55:58.540384,0.0067849466519054,0.0188090342080434,234.99442749559742,230.81099304434719
2023-01-19,MSFT,-0.12184138026928802,-0.05143147472582353,-0.15141752438036332,-0.08753154313362707,0.763206970251643,simulated,2025-08-20 16:55:58.540384,-0.0176604815104242,0.0188090342080434,234.99442749559742,230.81099304434719
2023-01-20,MSFT,-0.3123279443996597,-0.3371251125924345,-0.2691515711326625,-0.29658101720385643,1.1678000745929087,simulated,2025-08-20 16:55:58.540384,-0.0277460740267058,0.0188090342080434,256.20416461579293,230.81099304434719
2023-01-21,MSFT,-0.04442179304657803,-0.020352004175326132,-0.05417200116351266,-0.07819110909165801,0.6894877756560092,simulated,2025-08-20 16:55:58.540384,0.029812975378431,0.0203639778404809,255.67648114853677,230.81099304434719
2023-01-22,MSFT,-0.07930341879690227,-0.15206281914767328,-0.1429305675060082,-0.10848311598476078,0.7349415554442936,simulated,2025-08-20 16:55:58.540384,-0.0040155260097307,0.0203691323099717,255.12903860813944,230.81099304434719
2023-01-23,MSFT,-0.09802398475895069,-0.1404514321103783,-0.025115145007472722,-0.09457903452653182,-0.4794391884525325,simulated,2025-08-20 16:55:58.540384,0.0018505640937585,0.0200674805665367,254.43587146415393,230.81099304434719
2023-01-24,MSFT,-0.2962489834005051,-0.3704435544715359,-0.3568772579500675,-0.30530644396973833,1.2560097269692934,simulated,2025-08-20 16:55:58.540384,-0.027994963724269,0.019185055704303,253.01694216574484,230.81099304434719
2023-01-25,MSFT,-0.39696942488830156,-0.38383233138882356,-0.39074114691635436,-0.38130881309468767,-0.45411809328586245,simulated,2025-08-20 16:55:58.540384,-0.0103876544905036,0.0192115527081769,251.53190147745627,230.81099304434719
2023-01-26,MSFT,-0.38383538779278936,-0.3511756529233867,-0.2954238492511993,-0.36162558274555395,-1.66386183157536,simulated,2025-08-20 16:55:58.540384,0.0027184517941973,0.0193054399759969,250.13237564688285,230.81099304434719
2023-01-27,MSFT,-0.5269982764611596,-0.582758671237211,-0.5360414612939152,-0.5251262971573685,1.4230497286775974,simulated,2025-08-20 16:55:58.540384,-0.022519871548446,0.0174796226840249,248.0587715643856,230.81099304434719
2023-01-28,MSFT,-0.47813177840686827,-0.42786244467218426,-0.4474063685512885,-0.4682529389089272,0.3969081595595273,simulated,2025-08-20 16:55:58.540384,0.0080139603669133,0.0169916810000404,245.8640609149144,230.81099304434719
2023-01-29,MSFT,-0.5439594737660927,-0.5544806877182419,-0.5646504019932602,-0.5506113959202174,-1.1694012771664408,simulated,2025-08-20 16:55:58.540384,-0.0115127737983761,0.0170036697468724,243.65907725392265,230.81099304434719
2023-01-30,MSFT,-0.6171544269814013,-0.582168688953982,-0.6199441635805797,-0.5883288286640325,-0.3331139099112214,simulated,2025-08-20 16:55:58.540384,-0.0053338749958655,0.0163605794688363,241.24181514042917,230.81099304434719
2023-01-31,MSFT,-0.6355634066731971,-0.6741063673326806,-0.6000104782522604,-0.6694551055228274,-0.8000709037522057,simulated,2025-08-20 16:55:58.540384,-0.0115341322445879,0.0163646458109619,238.81487488547276,230.81099304434719
2023-02-01,MSFT,-0.37293555503738124,-0.42076300624644614,-0.42117186088383113,-0.4084211975725365,-0.20878338251977943,simulated,2025-08-20 16:55:58.540384,0.0375455636901786,0.0194908844892841,236.92086264851167,230.81099304434719
2023-02-02,MSFT,-0.39201506660848434,-0.39679346066770926,-0.3482073236277095,-0.4067616943331976,-0.6942986547786053,simulated,2025-08-20 16:55:58.540384,0.0002300555052412,0.0193474577208813,234.95824667237804,230.81099304434719
2023-02-03,MSFT,-0.552481901652648,-0.6006295263130929,-0.5939587979121056,-0.555784982975567,-0.8540860603034656,simulated,2025-08-20 16:55:58.540384,-0.0206542185791179,0.0182978506736679,233.26569010001137,230.81099304434719
2023-02-04,MSFT,-0.44913794450745137,-0.47873396523685197,-0.47742868548152884,-0.43600778528517176,1.2396774011355083,simulated,2025-08-20 16:55:58.540384,0.0169508982420638,0.017859957252063,232.2020403302858,230.81099304434719
2023-02-05,MSFT,-0.5850483712914971,-0.5555013769972514,-0.6741390341980193,-0.6078721404719173,-1.1506704831686672,simulated,2025-08-20 16:55:58.540384,-0.0239168729994204,0.0183464371440401,230.9996109873307,230.81099304434719
2023-02-06,MSFT,-0.5612787433421975,-0.5111130072564298,-0.5525265628807711,-0.5750655695766661,-0.6096221232706691,simulated,2025-08-20 16:55:58.540384,0.0046772719000951,0.018121153548582,230.0929279386882,230.81099304434719
2023-02-07,MSFT,-0.8692353970488115,-0.8598675357729698,-0.8648700470252179,-0.8477320293638201,0.18914637472557286,simulated,2025-08-20 16:55:58.540384,-0.0386934024775955,0.0195302626412788,228.67147468281377,230.81099304434719
2023-02-08,MSFT,-0.9955903974065105,-1.0479732214830417,-0.9740865655203087,-1.024292362373984,0.01790419445188225,simulated,2025-08-20 16:55:58.540384,-0.0260637209779684,0.0198813644864109,227.18478165547413,230.81099304434719
2023-02-09,MSFT,-0.9720969210380955,-0.9708558288007709,-0.9974704737519277,-0.9950172420547407,-0.7285430421811041,simulated,2025-08-20 16:55:58.540384,0.0044372247173825,0.0193607741843538,226.076323397827,230.81099304434719
2023-02-10,MSFT,-0.862227766231051,-0.9008964920584202,-0.8285404871974126,-0.8938289906264659,1.2523392475121502,simulated,2025-08-20 16:55:58.540384,0.0152693315999081,0.0182317375412641,224.78185940402415,230.81099304434719
2023-02-11,MSFT,-0.8508423310617476,-0.9251257903043664,-0.909672141145533,-0.8674053492436969,1.4509369259167932,simulated,2025-08-20 16:55:58.540384,0.0039273656237994,0.018352954049757,223.5774063896528,230.81099304434719
2023-02-12,MSFT,-0.870650045986943,-0.9200050283726044,-0.8279282581895048,-0.8796510375187714,1.0616266776313923,simulated,2025-08-20 16:55:58.540384,-0.0018129656477647,0.0182976094554444,222.33145219426424,230.81099304434719
2023-02-13,MSFT,-0.9209148157115188,-0.8836334678338603,-0.8779824521977863,-0.9168823001236192,-1.4187281650559838,simulated,2025-08-20 16:55:58.540384,-0.0055220739117858,0.0175055699220943,221.36084631242284,230.81099304434719
2023-02-14,MSFT,-1.0818756010248625,-1.085282424336525,-1.0745593203563946,-1.1118004584061332,-0.9635034846577134,simulated,2025-08-20 16:55:58.540384,-0.0290704398073485,0.0183316163402175,220.20151426809693,230.81099304434719
2023-02-15,MSFT,-1.176837374595206,-1.2544113862405777,-1.1557722002016306,-1.2022707225007663,0.2876148371450488,simulated,2025-08-20 16:55:58.540384,-0.0138968841678941,0.0183330770552223,218.86736232442945,230.81099304434719
2023-02-16,MSFT,-1.2850066219890324,-1.285298371043694,-1.2229098168198065,-1.2582036140203017,-0.28274554103574856,simulated,2025-08-20 16:55:58.540384,-0.0087127754191959,0.0179328208279161,217.7039266713833,230.81099304434719
2023-02-17,MSFT,-1.1493889076138333,-1.148099346712052,-1.1024558336793768,-1.1204774112959384,0.35969808960575017,simulated,2025-08-20 16:55:58.540384,0.0216424445243783,0.0187069306163178,216.66880910941657,230.81099304434719
2023-02-18,MSFT,-1.0788892212072285,-1.0445189843168003,-1.1205420969652455,-1.0725464583573756,-0.47174625655208663,simulated,2025-08-20 16:55:58.540384,0.0073723657913691,0.0188160591267387,215.84046829700017,230.81099304434719
2023-02-19,MSFT,-1.2784498489845362,-1.351691453771352,-1.3589889385145966,-1.3002076596278667,-0.8591294986438898,simulated,2025-08-20 16:55:58.540384,-0.0347608031072547,0.0200632152982585,214.71067585418336,234.55393888736256
2023-02-20,MSFT,-1.2230315967251073,-1.297804319658678,-1.200025623776541,-1.256071547702392,-0.820154010298279,simulated,2025-08-20 16:55:58.540384,0.0069816793878958,0.0201789772125862,213.77968199065012,233.59512003580997
2023-02-21,MSFT,-1.3218021680044514,-1.257343727600691,-1.285414201491919,-1.3019160736445374,0.7648565273233094,simulated,2025-08-20 16:55:58.540384,-0.0072016456083263,0.0176255204074559,212.36165449106156,232.61852445990428
2023-02-22,MSFT,-1.3761371572273655,-1.4151510309013668,-1.3450547096800822,-1.3843189595688132,-0.3740752084370476,simulated,2025-08-20 16:55:58.540384,-0.0130384400061192,0.0176109188148107,210.81021516930437,231.52250117515857
2023-02-23,MSFT,-1.3102308995868075,-1.2784225795863342,-1.305797875857332,-1.3048924095615106,1.0744443792048577,simulated,2025-08-20 16:55:58.540384,0.0127335257768173,0.0178398513104865,209.6213388147865,230.320369403859
2023-02-24,MSFT,-1.1393031286785913,-1.1975930904767762,-1.2204633925499198,-1.1714770190558774,1.1140970315090806,simulated,2025-08-20 16:55:58.540384,0.021119990449919,0.0181370727392412,208.45410705272752,229.22473626408907
2023-02-25,MSFT,-1.0239741047204085,-1.0934525157704185,-1.0971242935446341,-1.0481085670582877,-0.11818421917462592,simulated,2025-08-20 16:55:58.540384,0.019125602382324,0.0183549388110708,207.75542665070384,228.2291308195096
2023-02-26,MSFT,-1.1314323198945542,-1.1808402591718368,-1.1293676460348232,-1.155158683796089,-0.8265929796539379,simulated,2025-08-20 16:55:58.540384,-0.0162843504644527,0.0184870084549224,206.83478568194823,226.999730205744
2023-02-27,MSFT,-1.1919683593081576,-1.1571719128732878,-1.1996917770938629,-1.1919173094920141,-1.4750759991723432,simulated,2025-08-20 16:55:58.540384,-0.0056842475170243,0.0166170885343928,206.28854394598997,225.6624472385021
2023-02-28,MSFT,-1.149735897545347,-1.094641306271853,-1.1843245286016508,-1.146101871028975,0.5199073342394839,simulated,2025-08-20 16:55:58.540384,0.0071252686280711,0.0157728679139543,206.09522528506653,224.402422789458
2023-03-01,MSFT,-1.0298271228438922,-0.9683129108957169,-1.0164593335825665,-1.0165150684179731,0.47269722761251365,simulated,2025-08-20 16:55:58.540384,0.020010902542447,0.0164169538882377,206.06110700439052,223.16369551768665
2023-03-02,MSFT,-1.1037569364639819,-1.0834913853177084,-1.1334226776633791,-1.076515089505007,-1.260202201333919,simulated,2025-08-20 16:55:58.540384,-0.0090834847569057,0.0161226691271311,205.77117371105015,221.93450842008363
2023-03-03,MSFT,-1.0720157022986796,-1.0699171032808108,-1.085374728059912,-1.0975466244512855,0.7426087354084828,simulated,2025-08-20 16:55:58.540384,-0.0032131795332763,0.0160809590622739,205.405926337199,220.73943092992147
2023-03-04,MSFT,-1.2166651216476576,-1.2680921957170472,-1.2673021488983094,-1.2386471107404322,-1.1348721405279067,simulated,2025-08-20 16:55:58.540384,-0.0216266994801204,0.0166929009724544,204.83617902503687,219.4262846348964
2023-03-05,MSFT,-1.3547485803062806,-1.4050384360651342,-1.3487948885187515,-1.3881695499371303,-0.7284724594827725,simulated,2025-08-20 16:55:58.540384,-0.0234241324816135,0.017325851848762,204.088219189633,218.2208452291804
2023-03-06,MSFT,-1.2502013868054702,-1.2272943280231103,-1.3068032194891739,-1.2837511468084941,0.48553705345817166,simulated,2025-08-20 16:55:58.540384,0.016750516447884,0.0167869783072018,203.8153236070644,217.2572184301633
2023-03-07,MSFT,-1.103256125126367,-1.164086076069803,-1.1133278295757187,-1.108660721064124,-0.10078853991032995,simulated,2025-08-20 16:55:58.540384,0.0276248005714163,0.0176783737883952,203.96388803628332,216.4583346387425
2023-03-08,MSFT,-1.0955016188986801,-1.1609218083876192,-1.1782907550745614,-1.114784495624416,1.6539933169579162,simulated,2025-08-20 16:55:58.540384,-0.0009402024316065,0.0175414623607668,204.1915023845001,215.7530354906182
2023-03-09,MSFT,-0.9498876749372478,-1.0132267626592801,-1.037665074710804,-0.9809286042843727,0.11228118923888748,simulated,2025-08-20 16:55:58.540384,0.0205706579578404,0.0174774416543096,204.4129743270669,215.0998979535785
2023-03-10,MSFT,-0.9047574050741033,-0.9861505901366288,-0.9431428923300428,-0.9295757369016172,-1.3217499112052153,simulated,2025-08-20 16:55:58.540384,0.0077327205009527,0.0174843155512663,204.63987704367963,214.56534902459927
2023-03-11,MSFT,-1.0276242032564096,-1.0478848734795823,-1.0140961987481991,-1.0125767336131688,-0.8730008798770287,simulated,2025-08-20 16:55:58.540384,-0.0124023950921025,0.0156844142387165,205.0963637832724,214.1108185543544
2023-03-12,MSFT,-0.9632649235757555,-0.9453791584776896,-0.9467853890213578,-0.9615003726350134,0.7804519447063669,simulated,2025-08-20 16:55:58.540384,0.0077279121101683,0.0156969104885819,205.56386509527547,213.55007361450544
2023-03-13,MSFT,-0.7775844513741992,-0.7598638417346405,-0.7815397988598689,-0.7532910385259566,0.9332286431046924,simulated,2025-08-20 16:55:58.540384,0.0312607313293193,0.0167798422949295,206.43456442170137,213.14073478532907
2023-03-14,MSFT,-0.7225238666308388,-0.6983157039936659,-0.7265519551374541,-0.7547782376792662,-0.9230393104665825,simulated,2025-08-20 16:55:58.540384,-0.000216520782199,0.0163210338866176,207.43368157352515,212.72162521890704
2023-03-15,MSFT,-0.5282227858668828,-0.49018138024207497,-0.48371932420656966,-0.5364523296914369,-1.182685021607189,simulated,2025-08-20 16:55:58.540384,0.0317928731162802,0.0173252430403897,208.65323995513805,212.57488851961628
2023-03-16,MSFT,-0.9209313399621927,-0.9198852735545867,-0.8647468810556751,-0.9041515583206363,-1.2406608259547354,simulated,2025-08-20 16:55:58.540384,-0.0518949020817949,0.021206898178328,209.07750075932896,212.2429759768381
2023-03-17,MSFT,-0.7774580048491978,-0.8181836438138527,-0.853525080940963,-0.790365797822526,1.3585581470253827,simulated,2025-08-20 16:55:58.540384,0.0169380500875044,0.0211207320677178,209.48655328372973,211.97080187424837
2023-03-18,MSFT,-0.7658126782514606,-0.7870132304419085,-0.7768300543903757,-0.7750567036622177,0.6722031656124379,simulated,2025-08-20 16:55:58.540384,0.0022409413647634,0.0206717216154773,210.08979687797108,211.8121403311781
2023-03-19,MSFT,-0.8209763584966402,-0.7962644459838231,-0.8664401554033966,-0.8125784764809383,-0.01344227158117555,simulated,2025-08-20 16:55:58.540384,-0.0054801470093173,0.0206672251987538,210.69182931405655,211.59355459815896
2023-03-20,MSFT,-0.821790984365964,-0.8232742293773868,-0.8316029609808332,-0.7966772154054924,-0.6180331982978573,simulated,2025-08-20 16:55:58.540384,0.0023352155307101,0.0206455578414533,211.24638623875504,211.43734638339097
2023-03-21,MSFT,-1.0516299086839909,-1.0426740178019853,-0.9982796179270874,-1.0645770824473773,-1.5656960327823588,simulated,2025-08-20 16:55:58.540384,-0.0392513782920178,0.0222417512844983,211.17010907208692,211.1350130903497
2023-03-22,MSFT,-1.0870177212552883,-1.0954090679544353,-1.1364555691898666,-1.0901076572614035,-1.0684897845367582,simulated,2025-08-20 16:55:58.540384,-0.0038934377567502,0.0221618980447772,211.14853688920735,210.86797322157744
2023-03-23,MSFT,-1.0206288179370162,-1.027635188978989,-1.0391279376504354,-1.0401899672363832,-0.13745764005881114,simulated,2025-08-20 16:55:58.540384,0.007642251430235,0.0222085518318546,211.23956518650743,210.4669119451198
2023-03-24,MSFT,-0.8396946640838961,-0.8462487519898809,-0.8250111566172998,-0.8423573544432713,0.5982303032481812,simulated,2025-08-20 16:55:58.540384,0.0300578808948304,0.0224823518525592,211.86849970788384,210.1903858490987
2023-03-25,MSFT,-0.8842197054224673,-0.9311141295391775,-0.8804505315503535,-0.9092404010772329,0.9278470258587471,simulated,2025-08-20 16:55:58.540384,-0.0098654043654728,0.0218303830277444,212.62858767439076,209.9660042589322
2023-03-26,MSFT,-1.0093807318946721,-0.9510114065674595,-1.0052060509671858,-1.0144271040350157,-0.6231873923571736,simulated,2025-08-20 16:55:58.540384,-0.0156698720578637,0.0220315612104148,213.05602034264743,209.59881043510796
2023-03-27,MSFT,-1.0717078078821909,-1.0376970582172482,-1.1415925198495898,-1.0774304020089391,-0.35586334954432935,simulated,2025-08-20 16:55:58.540384,-0.0095351408716907,0.0213408888401232,213.1055846461786,209.3007241022817
2023-03-28,MSFT,-0.927765603172488,-0.99577156539612,-0.9768060466092093,-0.9543415175258099,1.2533339888272779,simulated,2025-08-20 16:55:58.540384,0.0188080423540415,0.0217261989504844,213.36021683395333,209.0599510487242
2023-03-29,MSFT,-0.9122163265352689,-0.8540028106125399,-0.903664565276787,-0.9071683093645838,-0.7620489984096879,simulated,2025-08-20 16:55:58.540384,0.0070750221931936,0.0213064406507321,213.47727864300796,209.0222195376562
2023-03-30,MSFT,-0.9976873466265945,-0.971140951559358,-1.0296598686989376,-0.9749550158411474,1.7415559015516273,simulated,2025-08-20 16:55:58.540384,-0.0100952040753408,0.0213726456303915,213.40525913045,209.0535400145896
2023-03-31,MSFT,-0.9335837333447097,-0.8468183009727651,-0.9227834885943471,-0.9033982078501311,1.7741760359589553,simulated,2025-08-20 16:55:58.540384,0.0107653486622671,0.0212996973642375,213.57853169870145,209.11170187470415
2023-04-01,MSFT,-0.8684612278494054,-0.8428205165712669,-0.9500318387035184,-0.8869946142071418,-0.12872258328052513,simulated,2025-08-20 16:55:58.540384,0.0024415509869608,0.0212450284239145,213.69677660100336,209.1160404932971
2023-04-02,MSFT,-0.7437742318676055,-0.7592193933962501,-0.8112419458056591,-0.7531522785103952,1.1410688481827955,simulated,2025-08-20 16:55:58.540384,0.0198728998106578,0.0205253232931746,213.69699682108876,209.1885709579035
2023-04-03,MSFT,-0.8310552891555425,-0.9046083464130513,-0.8593835188116903,-0.8461625770512549,-0.4480038670428949,simulated,2025-08-20 16:55:58.540384,-0.013541061877547,0.0207546391145029,213.55196464493253,209.20983019917435
2023-04-04,MSFT,-0.9050895523991788,-0.9126718459523172,-0.9365493531767505,-0.8871778335185512,-0.5240388996766152,simulated,2025-08-20 16:55:58.540384,-0.0060532429319554,0.0193357485169646,212.99534319969231,209.22868727452405
2023-04-05,MSFT,-0.9594128302583379,-0.9260236283358585,-0.9263113055332586,-0.9366253489385608,-0.7897896111491128,simulated,2025-08-20 16:55:58.540384,-0.0073421630626431,0.0155173694583268,212.943805435632,209.33989244385216
2023-04-06,MSFT,-1.1585845701108253,-1.105599333808532,-1.1025827000008472,-1.1289630405677802,-1.281627319653789,simulated,2025-08-20 16:55:58.540384,-0.0287702989626423,0.0162216575625587,212.40643223478227,209.3864298383895
2023-04-07,MSFT,-1.0952472270603446,-1.111871575598601,-1.0459582232853482,-1.0872626900782443,1.0310353927273104,simulated,2025-08-20 16:55:58.540384,0.0064224055412915,0.016311493433669,211.91094346799673,209.49494704982357
2023-04-08,MSFT,-1.042288973970178,-1.090086768162176,-1.0888332491862547,-1.0498772731292552,0.8062153013870114,simulated,2025-08-20 16:55:58.540384,0.0057211054435977,0.0163852125862713,211.5343366980219,209.5397656336011
2023-04-09,MSFT,-1.0513092249069707,-0.9971034366048681,-1.0892830182544995,-1.0459191395564127,-0.48817554402412533,simulated,2025-08-20 16:55:58.540384,0.0006022691328491,0.0163676362874284,211.1387755012413,209.5566692650874
2023-04-10,MSFT,-1.0758360904238287,-1.005599046679504,-1.125033280309066,-1.0734840088319064,-1.653908193173405,simulated,2025-08-20 16:55:58.540384,-0.0041917426675028,0.0138162144030868,211.12463969936,209.7005986284204
2023-04-11,MSFT,-1.2278189848790548,-1.2450495935425967,-1.2364454766917448,-1.2555788586989671,-1.2161228583661268,simulated,2025-08-20 16:55:58.540384,-0.0278074148410083,0.0151439520551624,210.86202743340056,209.70091139867765
2023-04-12,MSFT,-1.3133476227352483,-1.3386535856508222,-1.2778920490586296,-1.3059550562167421,-1.6864253646216822,simulated,2025-08-20 16:55:58.540384,-0.0079129064553071,0.015066626800743,210.4402430284787,209.69834736008667
2023-04-13,MSFT,-1.3429629573466295,-1.3659593874289524,-1.4045071599747203,-1.346088479475262,-0.8590434647838042,simulated,2025-08-20 16:55:58.540384,-0.0063542903305353,0.0130617911372148,209.64079290646535,209.72261694396315
2023-04-14,MSFT,-1.4237244324326719,-1.4929777434637899,-1.3870913718266158,-1.443649576691643,-0.14792488403466567,simulated,2025-08-20 16:55:58.540384,-0.0155455453844325,0.0132614927016719,208.79265496259137,209.63453071805412
2023-04-15,MSFT,-1.4643869645616978,-1.402043138913743,-1.5151414688835143,-1.4604897541396589,0.7186828129692387,simulated,2025-08-20 16:55:58.540384,-0.0027257142333201,0.0129776610201526,208.08472801043197,209.45105881818975
2023-04-16,MSFT,-1.3976806013577023,-1.4455040868475384,-1.400810023999475,-1.4076184854489269,1.3484187811805466,simulated,2025-08-20 16:55:58.540384,0.0085810171362907,0.0131584872762323,207.56070062662337,209.2228336926495
2023-04-17,MSFT,-1.144833181165447,-1.1537065694265338,-1.1412451458607176,-1.170085087707213,-0.6668538086253359,simulated,2025-08-20 16:55:58.540384,0.0382237180242106,0.0153475645388531,207.21830323457388,209.21335806977447
2023-04-18,MSFT,-1.113400824723097,-1.1662455067871458,-1.0940258240001355,-1.144332258179893,-1.308887244511747,simulated,2025-08-20 16:55:58.540384,0.0039915562566368,0.0152718561868267,206.8419104758268,209.24356614959095
2023-04-19,MSFT,-1.1288750448116232,-1.0945127620485096,-1.0780160861248462,-1.107727405220435,0.06692356494128683,simulated,2025-08-20 16:55:58.540384,0.0056510078144553,0.0152213120114014,206.6311930958306,209.2679271388952
2023-04-20,MSFT,-1.0846491805920189,-1.0885936159794467,-1.0728516506501253,-1.1141694015390533,0.6558857535086937,simulated,2025-08-20 16:55:58.540384,-0.0009889183153233,0.01497213438437,206.29668714982455,209.20593393287777
2023-04-21,MSFT,-1.3588688771665192,-1.3123884498349863,-1.3796180070798487,-1.360652908499795,0.06274834753351156,simulated,2025-08-20 16:55:58.540384,-0.0378754243059809,0.0169931870460435,205.5449643311466,209.02555674133572
2023-04-22,MSFT,-1.3736733189312946,-1.388581635063372,-1.3191251915919848,-1.36084248382401,-0.8635372896255454,simulated,2025-08-20 16:55:58.540384,-3.0277508984322132e-05,0.0161121960088653,204.5805251995495,208.8584105028437
2023-04-23,MSFT,-1.3504709716150982,-1.4019119200957666,-1.402340240840667,-1.350169838673013,-0.4870408465336893,simulated,2025-08-20 16:55:58.540384,0.0017046041988204,0.0160221995578926,203.78063683296597,208.78761332234603
2023-04-24,MSFT,-1.004844884355311,-1.078747010681463,-0.9838519070580988,-1.038057586255584,1.2124294341331687,simulated,2025-08-20 16:55:58.540384,0.0497648422497056,0.0199718012516219,203.54118203110656,209.00987241111343
2023-04-25,MSFT,-1.0588693400120672,-1.0029581367987026,-1.0524972019530456,-1.0600951903266331,-0.742895514369495,simulated,2025-08-20 16:55:58.540384,-0.0033472192956223,0.0199243647723924,203.34522832712133,209.15185433187492
2023-04-26,MSFT,-1.026900935052356,-0.9634208151696594,-0.9733260810323909,-1.017240314426889,0.7243373559535294,simulated,2025-08-20 16:55:58.540384,0.0065309468466723,0.018845345580377,203.52253868696724,209.209890098663
2023-04-27,MSFT,-1.008099985185142,-1.0002593020197457,-1.0237528290213098,-1.0185231754078483,-0.8368120645362297,simulated,2025-08-20 16:55:58.540384,-0.0001942353941049,0.01880355875052,203.6316322304462,209.27099898820197
2023-04-28,MSFT,-1.1843852548563636,-1.150174559801377,-1.1493387932273995,-1.1695661877002919,0.5214825018048505,simulated,2025-08-20 16:55:58.540384,-0.0228735607523906,0.0194759524355234,203.44167907368745,209.15124753224933
2023-04-29,MSFT,-1.0451838598166994,-0.9919007724792119,-1.0141178435479932,-1.0188622579906152,-1.0196632624604345,simulated,2025-08-20 16:55:58.540384,0.0233564562903003,0.0202092806175205,203.48461989309325,209.09456640485288
2023-04-30,MSFT,-0.9396609767105535,-0.9536104965020366,-0.8835101050557763,-0.9162597109154696,-0.3272659362961605,simulated,2025-08-20 16:55:58.540384,0.0155386606537355,0.0204535429728918,203.7341438512262,209.1557106556019
2023-05-01,MSFT,-0.8308891638309903,-0.7475162767611364,-0.8639704276189013,-0.8068191832960184,1.2823183529089393,simulated,2025-08-20 16:55:58.540384,0.016320638940861,0.0194965165356137,204.4463511368744,209.2539058153172
2023-05-02,MSFT,-0.9491636352573631,-0.9328348297971649,-0.9862702550755442,-0.9273628326606788,-1.5817931874556497,simulated,2025-08-20 16:55:58.540384,-0.0176877490958947,0.0199180325153336,205.04719866102923,209.1434010558178
2023-05-03,MSFT,-0.759918586075685,-0.7480430575972522,-0.7707878963809749,-0.7361940522956714,-0.1719094313166229,simulated,2025-08-20 16:55:58.540384,0.028555886218722,0.0205648824944156,206.0151360188667,209.15519872209975
2023-05-04,MSFT,-0.9149350851782729,-0.918231450993503,-0.9711874172321778,-0.9258062099808798,-0.8514791134207377,simulated,2025-08-20 16:55:58.540384,-0.0275370212558456,0.0213505397666739,206.83698307601335,208.90802796640423
2023-05-05,MSFT,-0.8640855048457292,-0.8991141338188495,-0.7914721158410439,-0.843865015101455,-1.2361213642033495,simulated,2025-08-20 16:55:58.540384,0.0122371418760054,0.0213554700723017,207.81560182392028,208.94629924402628
2023-05-06,MSFT,-0.5537052447526096,-0.5870233282653915,-0.5833392145265377,-0.5435357747259743,-0.7219128814934798,simulated,2025-08-20 16:55:58.540384,0.0443091125161996,0.0230946589499146,209.1869505339552,209.10299259273964
2023-05-07,MSFT,-0.6517403462312663,-0.6446025664004725,-0.6120234099854984,-0.6802243594283001,1.6691506827087526,simulated,2025-08-20 16:55:58.540384,-0.0193107265026137,0.0225490095315432,209.96438754257215,209.16319433561495
2023-05-08,MSFT,-0.7560252426326582,-0.8072129652165828,-0.7772802068618506,-0.7553747531224474,-1.2314530979847038,simulated,2025-08-20 16:55:58.540384,-0.0108259545920554,0.0227881983321618,210.5816853616347,209.19950856862215
2023-05-09,MSFT,-0.7256422127730638,-0.7205919632194526,-0.7819576951246068,-0.7382562886417325,-1.566752354814622,simulated,2025-08-20 16:55:58.540384,0.0024930273017527,0.0227810052301281,211.1680571670507,209.23659551021345
2023-05-10,MSFT,-0.8252017554508178,-0.833658268118179,-0.7628847545284507,-0.8041295207043728,-1.2895936251523412,simulated,2025-08-20 16:55:58.540384,-0.009569513082324,0.0229404606614416,211.6601082003208,209.4019335841713
2023-05-11,MSFT,-1.0308440388233553,-1.0207192634950215,-0.9895917044076261,-1.0121623446834056,1.3275750744023895,simulated,2025-08-20 16:55:58.540384,-0.0305132686213226,0.0223075072263142,212.21318266786693,209.45141505279952
2023-05-12,MSFT,-1.028545127638222,-1.021435362002247,-0.998866305856753,-0.9997937881323099,-0.11462162913390445,simulated,2025-08-20 16:55:58.540384,0.0018712594961205,0.0222982043188006,212.78618760935265,209.47705947198176
2023-05-13,MSFT,-1.1567500586747985,-1.1488625760880034,-1.1285495165702653,-1.1371767415456362,-0.6042463729875927,simulated,2025-08-20 16:55:58.540384,-0.0207460742745221,0.0229253171627071,213.12421984326647,209.28990137649905
2023-05-14,MSFT,-1.0852528101574317,-1.0384702627810385,-1.0419989371553264,-1.072511944631842,1.7394515428926787,simulated,2025-08-20 16:55:58.540384,0.0099718486127036,0.0201079371033879,213.06953880483343,209.18625286329055
2023-05-15,MSFT,-1.208453091850921,-1.208187600688534,-1.2239213912845162,-1.1896707847459593,0.1253480351973897,simulated,2025-08-20 16:55:58.540384,-0.017888484684676,0.0204918594668808,212.86389492137897,209.07500416336757
2023-05-16,MSFT,-1.0127296222350037,-0.9729601052400658,-0.9187658615728587,-0.9870636292699853,1.5192504084113407,simulated,2025-08-20 16:55:58.540384,0.0314986881003507,0.0216875018550784,212.91178704761813,209.13237105923884
2023-05-17,MSFT,-1.1106618687265497,-1.0845236812046384,-1.023171592279557,-1.087681539601055,-0.3703279658168713,simulated,2025-08-20 16:55:58.540384,-0.0151650658467247,0.02196747012629,212.80202876597733,209.0477237610116
2023-05-18,MSFT,-1.1272109888549853,-1.099330163064893,-1.1052986307380155,-1.1265029069367212,-0.8678822010967586,simulated,2025-08-20 16:55:58.540384,-0.0059412303241135,0.02136978683951,212.8703726568944,208.90848513780392
2023-05-19,MSFT,-1.03530171731796,-0.9556581131076854,-1.0568400681756134,-1.0175726620846122,-1.351597301046298,simulated,2025-08-20 16:55:58.540384,0.0167703443473934,0.0210481440141268,212.87241931939585,208.8814304804312
2023-05-20,MSFT,-1.1836530402232737,-1.1408494877645972,-1.1518221693961874,-1.1768514015786127,-0.48398751782718585,simulated,2025-08-20 16:55:58.540384,-0.0241172863286791,0.0213940499750548,212.458845393657,208.70783613358412
2023-05-21,MSFT,-1.14221976869334,-1.1736798862125586,-1.19949176076552,-1.1443090107318945,0.22411235377497354,simulated,2025-08-20 16:55:58.540384,0.0050491986920826,0.0210380878111579,211.9232297242764,208.5444870646264
2023-05-22,MSFT,-0.9575469706003216,-1.0270251674852118,-1.0342196149844036,-0.9717271766654715,1.2687211514214765,simulated,2025-08-20 16:55:58.540384,0.0266428550856485,0.0216606451458329,211.85282097154064,208.40573071599852
2023-05-23,MSFT,-1.209874402260391,-1.2051718406858403,-1.2126652390311041,-1.182203292088297,0.1162279085966073,simulated,2025-08-20 16:55:58.540384,-0.0316496646912245,0.0216505469960299,211.14497878460284,208.1924043779679
2023-05-24,MSFT,-1.1339893582283886,-1.1365662975954967,-1.1588060312282595,-1.155203672981976,0.6322731089722599,simulated,2025-08-20 16:55:58.540384,0.0041926771706459,0.0209173677451774,210.7809118832889,208.02225543984292
2023-05-25,MSFT,-1.1082369147467424,-1.1687595962096,-1.0682390815953018,-1.1183585950129353,-0.3561731341410039,simulated,2025-08-20 16:55:58.540384,0.0056976558849684,0.0207411314968746,210.34527486376157,207.90688701527807
2023-05-26,MSFT,-1.039380352414687,-1.0081800603266675,-0.9816224370729649,-1.0134142845417817,0.23623300641643905,simulated,2025-08-20 16:55:58.540384,0.0161364574355462,0.0182471491232493,209.59955077935075,207.98024001056703
2023-05-27,MSFT,-1.1476301103265458,-1.1546480584263168,-1.1403459360078156,-1.1735977512764248,1.7096755418974972,simulated,2025-08-20 16:55:58.540384,-0.0242390142175615,0.0185065979925159,208.8165389726333,207.92543253746953
2023-05-28,MSFT,-1.312042867649953,-1.3530231980750935,-1.3486995566963427,-1.340667974433821,-1.5674263389689311,simulated,2025-08-20 16:55:58.540384,-0.0259091322616855,0.019117384795503,207.88764513634072,207.74083194394973
2023-05-29,MSFT,-1.297667955503025,-1.231001090545255,-1.2904625335887645,-1.2719585071170239,1.3716516854256398,simulated,2025-08-20 16:55:58.540384,0.0109388313123379,0.0193663157004593,207.0406291739029,207.5973369792781
2023-05-30,MSFT,-1.2432671540769042,-1.2728520124738665,-1.2464689456469016,-1.2310667539972178,0.6241169109350493,simulated,2025-08-20 16:55:58.540384,0.0064396934646637,0.0194480819780422,206.36305535269753,207.49729984550635
2023-05-31,MSFT,-1.1742489760137886,-1.2420851143381924,-1.1305994125450192,-1.195854111299238,1.7188000575239373,simulated,2025-08-20 16:55:58.540384,0.0055098570069176,0.0184110115480734,206.07152600710756,207.53521448228236
2023-06-01,MSFT,-1.1301981833195398,-1.1127305973080968,-1.2074962885007778,-1.1481151583874405,0.9274735556040602,simulated,2025-08-20 16:55:58.540384,0.0074289641899394,0.0185022674131406,205.83613150465325,207.63541486245157
2023-06-02,MSFT,-1.2510073628694611,-1.2262956067642967,-1.1837135789678161,-1.2329250960531026,0.6014164671597932,simulated,2025-08-20 16:55:58.540384,-0.0131004944315697,0.0181477285508557,205.6841733867413,207.7072535686094
2023-06-03,MSFT,-1.2167096885597706,-1.1695231985456993,-1.1883823706476224,-1.2000532867204945,1.0451519771795896,simulated,2025-08-20 16:55:58.540384,0.0051450739432201,0.0180316486573754,205.48175797814793,207.86189406951317
2023-06-04,MSFT,-1.1656597527274364,-1.1607130935197247,-1.1659595544939487,-1.1592009579167726,1.434209184700033,simulated,2025-08-20 16:55:58.540384,0.0063614494659736,0.0176350308940668,205.5301153369964,208.05315909399332
2023-06-05,MSFT,-1.2472224960114455,-1.2724856830955518,-1.2176135221019453,-1.2483025364360694,1.7720265330360994,simulated,2025-08-20 16:55:58.540384,-0.0137870283605273,0.0162854326965348,205.11551424162977,208.15429650524135
2023-06-06,MSFT,-0.99786440520667,-0.9605146058477562,-1.0079006579115635,-1.0072813753039134,-0.8357559216478706,simulated,2025-08-20 16:55:58.540384,0.0378154902228951,0.0182063625452768,205.2431139033603,208.25764802852615
2023-06-07,MSFT,-0.9485452784207893,-0.8971214001891256,-0.8893148846071259,-0.9412894663761585,-1.3099821272694312,simulated,2025-08-20 16:55:58.540384,0.0099766584182356,0.0182454586293575,205.5370582325801,208.3865442405052
2023-06-08,MSFT,-1.097782824989752,-1.0661126117289705,-1.0425503042813054,-1.0971221316442756,1.1389680724019349,simulated,2025-08-20 16:55:58.540384,-0.0233260699440529,0.0186843947917347,205.41080867207984,208.3932767109309
2023-06-09,MSFT,-0.990234769821533,-1.0318639055435703,-1.0175579807076889,-1.008182251919433,0.6394705736191261,simulated,2025-08-20 16:55:58.540384,0.0136310721726766,0.0180629549997703,205.67849626487327,208.4605597796036
2023-06-10,MSFT,-1.161956300881263,-1.115881619428727,-1.16201771295544,-1.1338010075684604,0.13090857241784926,simulated,2025-08-20 16:55:58.540384,-0.0189936334045465,0.0186026486916169,205.69517306722605,208.6045705590582
2023-06-11,MSFT,-1.0430658041970655,-1.0404714163165247,-1.014809174662217,-1.0284231089246985,-0.712483955587497,simulated,2025-08-20 16:55:58.540384,0.0162416920748489,0.0179601350817038,205.60519337824135,208.81559798747531
2023-06-12,MSFT,-0.8566147510174571,-0.9212827207587403,-0.8145531233082189,-0.87234262615924,0.020716798536855274,simulated,2025-08-20 16:55:58.540384,0.023671911580148,0.0171138070710105,206.09695998720045,209.1189336396617
2023-06-13,MSFT,-0.9519945211193875,-0.9202975836687317,-1.0177837172192536,-0.979752884106851,-0.6287623058759607,simulated,2025-08-20 16:55:58.540384,-0.0159136463670341,0.0175924803006199,206.3754104295165,209.1559467992069
2023-06-14,MSFT,-0.8463545985837049,-0.8917787036056496,-0.8304519249543738,-0.8484538565006465,0.15195350258661766,simulated,2025-08-20 16:55:58.540384,0.0197675225848863,0.0180452380667198,206.80376469514172,209.2903015624862
2023-06-15,MSFT,-0.7857601193338764,-0.7250551664718897,-0.7698592246619778,-0.7891480420171435,0.8511732108479314,simulated,2025-08-20 16:55:58.540384,0.0087556185387298,0.0178190589071626,207.15968805591956,209.435099758148
2023-06-16,MSFT,-0.6996576977280072,-0.67730332338004,-0.6395219999258326,-0.6733928017274169,1.555966802550582,simulated,2025-08-20 16:55:58.540384,0.0169412031998898,0.0170101910362935,207.953541935652,209.65419641955188
2023-06-17,MSFT,-0.40963272288133723,-0.4489815483037437,-0.4599395095698356,-0.4063204983333489,1.7125707761083722,simulated,2025-08-20 16:55:58.540384,0.0384358596530789,0.0171637906445544,209.43640484932232,210.13872225420369
2023-06-18,MSFT,-0.43525121671441624,-0.43046241539355223,-0.4059020078515383,-0.43812511006266963,-1.6995602404778782,simulated,2025-08-20 16:55:58.540384,-0.0044077623200574,0.0173252819628807,210.75974616751375,210.50738748904635
2023-06-19,MSFT,-0.5602903112459652,-0.4889002631544545,-0.48307519778251656,-0.5428268141247933,-0.6221636297295339,simulated,2025-08-20 16:55:58.540384,-0.0145747232871498,0.0179444227390755,211.85202233740603,210.74445123997828
2023-06-20,MSFT,-0.6802850698912629,-0.6304235967222244,-0.7098188573281975,-0.6652262375719905,-1.5909879274926124,simulated,2025-08-20 16:55:58.540384,-0.0172902885925104,0.0186397548493336,212.69415913879575,210.83433768305093
2023-06-21,MSFT,-0.7824690816627672,-0.7302915955766008,-0.8109426940238148,-0.7752546083920059,-1.4166193725854015,simulated,2025-08-20 16:55:58.540384,-0.0158162056993087,0.0191417642064184,213.28591016900836,210.9308994656432
2023-06-22,MSFT,-0.8139668654279413,-0.7571040891617774,-0.7157011050105143,-0.782389059325626,0.48826407154282014,simulated,2025-08-20 16:55:58.540384,-0.001042034188282,0.0187954917392465,214.0009366417329,210.90157381775583
2023-06-23,MSFT,-0.7434473587827823,-0.702708842377457,-0.7762091344877099,-0.7323029637062031,-0.3227102172354509,simulated,2025-08-20 16:55:58.540384,0.0073230394963328,0.0188113419088195,214.74328317190177,211.0244141078685
2023-06-24,MSFT,-0.7096825955103312,-0.6400829115667733,-0.6397894997032805,-0.6907323313947741,1.2406832493727085,simulated,2025-08-20 16:55:58.540384,0.0060338159866004,0.0188090342080434,215.48676969084303,211.12162624076245
2023-06-25,MSFT,-0.5839478993659881,-0.6042537843918708,-0.572962917997967,-0.5725996295553796,-1.7396166383566307,simulated,2025-08-20 16:55:58.540384,0.0170436649807204,0.0185646311672316,216.55914887193143,211.10317584043187
2023-06-26,MSFT,-0.5932368628503315,-0.5660185706507321,-0.6028563664127775,-0.5672418855300266,1.5987491436505565,simulated,2025-08-20 16:55:58.540384,0.000760037837558,0.0169155255855162,217.25751672396373,211.17489970108284
2023-06-27,MSFT,-0.32993384772234147,-0.3968043004598869,-0.30319485353368725,-0.3586304862663872,-0.11025114487033895,simulated,2025-08-20 16:55:58.540384,0.0295706815431462,0.0178599135622037,218.182229868722,211.42676204334012
2023-06-28,MSFT,-0.3862410448567888,-0.32329604326130956,-0.40093642205256685,-0.3934443865344652,0.4009666647135894,simulated,2025-08-20 16:55:58.540384,-0.0047931366647591,0.0167981221191995,219.29900671897195,211.64565653169944
2023-06-29,MSFT,0.01675590678745121,0.06817311910649061,0.005900606678482137,0.0034229341676809545,-1.4302004959074448,simulated,2025-08-20 16:55:58.540384,0.0549033833317924,0.0200918738985205,220.9044820395515,212.1583093152959
2023-06-30,MSFT,0.12446338983369926,0.031501120867429774,0.08056055829602589,0.1026540615194117,-0.9798285551633705,simulated,2025-08-20 16:55:58.540384,0.0130133469553002,0.019136730379809,222.8668069917441,212.86602028860904
2023-07-01,MSFT,-0.02626819110480642,0.0035091233881303385,-0.011308839479333407,-0.025907056545000785,1.2455441400745544,simulated,2025-08-20 16:55:58.540384,-0.0166431511283255,0.0198740878306959,224.457857336994,213.4842658785318
2023-07-02,MSFT,-0.2154054226530043,-0.12312482172811395,-0.2354568503003546,-0.1847991453684288,-0.9853884653801647,simulated,2025-08-20 16:55:58.540384,-0.0209178499612222,0.0204324819072874,225.5490281864681,214.0888569769423
2023-07-03,MSFT,-0.10661971862221514,-0.15647974431663914,-0.12571300987359882,-0.10931655431440788,-0.3541424036267616,simulated,2025-08-20 16:55:58.540384,0.0101494483048636,0.0198473335872371,226.93046045355936,214.7003154586973
2023-07-04,MSFT,-0.1326793797630747,-0.12946152890666296,-0.06720760997860555,-0.13913596610985005,1.2942978401537417,simulated,2025-08-20 16:55:58.540384,-0.003969255706517,0.0197126810514137,228.05618853713403,215.36721900878825
2023-07-05,MSFT,-0.010176572879125902,0.0319249737788137,-0.06577862949534256,-0.02854046442626094,1.0680660500608363,simulated,2025-08-20 16:55:58.540384,0.0147800098818418,0.0198160507185729,229.26331628940596,215.97571145486313
2023-07-06,MSFT,0.041513542178818,-0.023971290407417505,0.07176290097066086,0.047125602125518924,0.9691642833226056,simulated,2025-08-20 16:55:58.540384,0.0099647524914709,0.0196644108564155,230.4068202288072,216.69611300468384
2023-07-07,MSFT,0.01094269854461193,0.06780645236239718,0.012621191072533488,0.039789567664923475,1.5144135677786597,simulated,2025-08-20 16:55:58.540384,-0.0009565782531374,0.0180597970832752,231.11482243270325,217.4365021645272
2023-07-08,MSFT,-0.10252991893520959,-0.1164642665002297,-0.0438580934329521,-0.08613719442594756,0.5296459999561651,simulated,2025-08-20 16:55:58.540384,-0.016435874361368,0.0185193780092883,231.6734473977282,218.02779872037928
2023-07-09,MSFT,-0.3203771563744656,-0.24931611206154092,-0.3652161693081512,-0.3106802539102443,-1.5254237664988106,simulated,2025-08-20 16:55:58.540384,-0.0297969444937172,0.0195448467563234,232.04187727364015,218.5776639919715
2023-07-10,MSFT,-0.3613467555686799,-0.30445544688185955,-0.3023272348378469,-0.37231612272621367,1.1562581015486142,simulated,2025-08-20 16:55:58.540384,-0.0084302990413404,0.0191866457744065,232.50674238801545,219.06774274854652
2023-07-11,MSFT,-0.23913901551331987,-0.18020328414844844,-0.25105040769405496,-0.24452042384916378,-0.40019550934719855,simulated,2025-08-20 16:55:58.540384,0.0176279758864694,0.0189867759199528,233.3490479107533,219.52939024132831
2023-07-12,MSFT,-0.21978652188687742,-0.21271665229215764,-0.24874754710851915,-0.20924266103234418,-0.9069478883982323,simulated,2025-08-20 16:55:58.540384,0.004781874882604,0.0189514697123797,234.25866404380045,220.14704792143493
2023-07-13,MSFT,-0.3546597293881528,-0.33775682520837497,-0.4525391686737195,-0.39022131597794424,-1.0114504101634592,simulated,2025-08-20 16:55:58.540384,-0.0244147755742397,0.0199772526178297,234.8015671947572,220.63267623245585
2023-07-14,MSFT,-0.353501907415248,-0.3115588923851228,-0.40990434746348375,-0.3615576534206889,0.008809416713571688,simulated,2025-08-20 16:55:58.540384,0.0039636185170235,0.0199639570317542,235.3239862460981,221.11311079369705
2023-07-15,MSFT,-0.32089704043389533,-0.32688742923725383,-0.29854803721567,-0.3019766631260458,-0.2282681932111504,simulated,2025-08-20 16:55:58.540384,0.0082063475945768,0.0197216804258013,235.75348038052903,221.56474768090317
2023-07-16,MSFT,-0.4557912548775521,-0.37989920557472956,-0.45101719927118505,-0.4277122786858317,0.14778083797948,simulated,2025-08-20 16:55:58.540384,-0.0171771487240226,0.0201866725547517,235.97492185133143,222.03825285256207
2023-07-17,MSFT,-0.4265456001813028,-0.4655409278961261,-0.3530083667498378,-0.4019965970317166,-1.520763651327815,simulated,2025-08-20 16:55:58.540384,0.0035745021189106,0.0190677390471961,235.9060973518718,222.63414292955255
2023-07-18,MSFT,-0.40787460063929515,-0.37494852976958537,-0.39960654198941314,-0.3899813991021256,0.8692892277517984,simulated,2025-08-20 16:55:58.540384,0.00166417436892,0.0190392456438782,235.91159331110035,223.19404218657837
2023-07-19,MSFT,-0.574878844008756,-0.5862879460280854,-0.5871793937469826,-0.5516830681701238,-1.4087437586884493,simulated,2025-08-20 16:55:58.540384,-0.0223594059566123,0.0146978078790192,235.0306083188168,223.6253305017436
2023-07-20,MSFT,-0.519195757458892,-0.5479963596984236,-0.4798678465064327,-0.4975551838298132,1.5631232432433417,simulated,2025-08-20 16:55:58.540384,0.0076557472069656,0.0144240335488183,234.07804189878965,224.0686266452819
2023-07-21,MSFT,-0.42905935925384925,-0.471834510984385,-0.3831130311847518,-0.4140884257828163,-0.9830157043664568,simulated,2025-08-20 16:55:58.540384,0.0117156905273647,0.0145028691426538,233.46197585168812,224.53460361734577
2023-07-22,MSFT,-0.2781863861317566,-0.2256373249876817,-0.30393865193580816,-0.25435567140295884,-0.7326493787576396,simulated,2025-08-20 16:55:58.540384,0.0221610248635055,0.0148219283485472,233.35158566441984,225.15582188801375
2023-07-23,MSFT,-0.0656985781144765,-0.11938738254391011,-0.14612443179931392,-0.09539297666684796,-0.7051609558496262,simulated,2025-08-20 16:55:58.540384,0.0215760410406979,0.015455238195271,233.37368317893916,225.85708553901375
2023-07-24,MSFT,-0.32941930490106136,-0.26609901889872994,-0.36771038741283024,-0.29901080753532944,0.28224181880651444,simulated,2025-08-20 16:55:58.540384,-0.0270533873591418,0.0166028650703356,233.1199526565769,226.40315393662047
2023-07-25,MSFT,-0.4304175848402559,-0.4917915363079267,-0.3974437432410243,-0.43270135648048125,0.4285443012859913,simulated,2025-08-20 16:55:58.540384,-0.0182565007983024,0.0165991678022723,232.4785261923194,226.92091623513895
2023-07-26,MSFT,-0.3611735190497371,-0.3799558746162221,-0.3302538626966534,-0.3550528121540604,0.5594287188477615,simulated,2025-08-20 16:55:58.540384,0.0108007053441732,0.016633487330609,231.84024603373967,227.3349658568356
2023-07-27,MSFT,-0.2411520539224917,-0.270391861978261,-0.28009373762897705,-0.276747180888664,-0.43353015921720495,simulated,2025-08-20 16:55:58.540384,0.0107757190182442,0.0168977082258292,231.33788409960908,227.7568325113388
2023-07-28,MSFT,-0.22608144776847558,-0.15520814866367882,-0.14494169079028368,-0.19741239705817376,0.21349633078651922,simulated,2025-08-20 16:55:58.540384,0.0108009537261208,0.0167676360978725,231.16128398518148,228.3279888456199
2023-07-29,MSFT,0.36922920825683897,0.34641613146692696,0.4280510031068448,0.37839191048622217,-0.2878718782179315,simulated,2025-08-20 16:55:58.540384,0.0775546298130944,0.0229683552963671,232.25488094301835,229.20821786322955
2023-07-30,MSFT,0.5104866835820961,0.4892031581841462,0.4875327297562681,0.4737380124989407,0.674878724610549,simulated,2025-08-20 16:55:58.540384,0.0119178102138632,0.0228034804511219,233.59761727203255,230.2287204304691
2023-07-31,MSFT,0.6903275192645042,0.7182576950426314,0.7233638626564407,0.6616486740824579,1.0890275439561328,simulated,2025-08-20 16:55:58.540384,0.0232113128036119,0.0229896318382464,235.0357594870091,231.30161668483535
2023-08-01,MSFT,0.848722461390044,0.8361409509306542,0.7725483649940008,0.8238410815373184,1.055650481766761,simulated,2025-08-20 16:55:58.540384,0.019580035269864,0.0231838172928352,236.67532250586137,232.3783929288993
2023-08-02,MSFT,0.9153464627504715,0.8860446502853981,0.8696110540009808,0.9380937495701284,0.5198249728294384,simulated,2025-08-20 16:55:58.540384,0.0135278250261159,0.0220186620865717,238.78343452922925,233.59588587234092
2023-08-03,MSFT,0.8584749413047629,0.802380014507949,0.8477441427889086,0.8883996223108771,0.3183354191621276,simulated,2025-08-20 16:55:58.540384,-0.0058053848928069,0.0222363532710926,240.76718825604448,234.69848021805817
2023-08-04,MSFT,1.0341646767031505,1.0760370045771321,0.9429445171455859,1.0218360675197264,0.10149981642667684,simulated,2025-08-20 16:55:58.540384,0.0156793844098652,0.0222991016319378,242.86815481627113,235.84813438504375
2023-08-05,MSFT,0.9270689673869944,0.805950288013904,0.8972570904227826,0.8925558145249802,-0.11013953821790104,simulated,2025-08-20 16:55:58.540384,-0.0149565042907513,0.0221692662972346,244.9634958340426,236.84223441191833
2023-08-06,MSFT,0.8593800430115395,0.9113758177001761,0.9312818624120784,0.8564853609178579,0.6189631199495179,simulated,2025-08-20 16:55:58.540384,-0.0042363721348002,0.0223322936537787,246.96077871937248,237.6438924775726
2023-08-07,MSFT,0.7826653609220617,0.7767071414999249,0.6989320405662157,0.7784224604097149,0.5682722920461346,simulated,2025-08-20 16:55:58.540384,-0.0092072709565819,0.0226325404313111,248.81510250765984,238.4161847226368
2023-08-08,MSFT,0.7760956537092,0.8617899776056633,0.7309064151382019,0.7963780304348304,-0.055511754299587414,simulated,2025-08-20 16:55:58.540384,0.0021374827877265,0.0215542448885551,250.95455261547824,239.2663426129725
2023-08-09,MSFT,1.2114609701811359,1.2323302980030932,1.1807030877544218,1.1902965117023205,0.08403601769273478,simulated,2025-08-20 16:55:58.540384,0.0467931713334701,0.0231456507010797,253.63326984552404,240.4442709279732
2023-08-10,MSFT,0.8371698988942581,0.9408726857160236,0.9400041341973236,0.8656080165707495,0.17571447827589032,simulated,2025-08-20 16:55:58.540384,-0.036845303851835,0.0254880990851948,255.6642213316261,241.4859280823929
2023-08-11,MSFT,0.969041260423979,0.9534580319561559,0.9532766463851721,0.9863447166623175,0.5257781487023551,simulated,2025-08-20 16:55:58.540384,0.0142252038074903,0.0253256158027876,257.633283847979,242.6087607705122
2023-08-12,MSFT,0.7051543989831629,0.7503601328867469,0.7136937642094859,0.7129954048007558,-1.381387947055664,simulated,2025-08-20 16:55:58.540384,-0.031754317423793,0.0266083454935516,258.9162424703142,243.5262692583788
2023-08-13,MSFT,0.6376228654342851,0.6172159038599097,0.5608309696422983,0.6384926916828622,-1.0225935640905948,simulated,2025-08-20 16:55:58.540384,-0.0089386373157888,0.0257379845854661,260.4041141732795,244.370091729595
2023-08-14,MSFT,0.7989706480696571,0.812468411886089,0.7613437189371635,0.8225263433562804,0.3123971122332757,simulated,2025-08-20 16:55:58.540384,0.0222790119393472,0.0252904333186378,262.39623236475563,245.25574963226867
2023-08-15,MSFT,0.8032101299128869,0.8517603661549559,0.9208797298373598,0.8376047354406191,0.5279061543566838,simulated,2025-08-20 16:55:58.540384,0.0017856003819092,0.0253252759482456,264.28904814397544,246.14757842484025
2023-08-16,MSFT,0.667097166386147,0.7141140934602856,0.7375433684642504,0.6594904970071961,-0.9766837287076975,simulated,2025-08-20 16:55:58.540384,-0.021054895558586,0.0261243466684037,265.77491091606396,246.7939049302756
2023-08-17,MSFT,0.5266056551847017,0.6172841619111692,0.4623605130536547,0.5451568416824478,-0.4332911812487424,simulated,2025-08-20 16:55:58.540384,-0.0138060741851993,0.0264799583673534,266.9534107923161,247.3897504749576
2023-08-18,MSFT,0.6654240276749495,0.6978697934160564,0.7360591505070069,0.6602468061614237,0.38085193926839056,simulated,2025-08-20 16:55:58.540384,0.0140919549786935,0.0204591149325738,267.40073064122015,247.80671730389705
2023-08-19,MSFT,0.5139207437166252,0.5254754608394937,0.566204905386949,0.5434076389004809,-1.396425420748484,simulated,2025-08-20 16:55:58.540384,-0.0141073326343428,0.0206175310167635,267.5113003252432,248.08651776386876
2023-08-20,MSFT,0.5799026583192262,0.5651503080027626,0.6439821091243733,0.5828393695035375,0.3860332736292226,simulated,2025-08-20 16:55:58.540384,0.0048291717916395,0.0199570450274956,267.38622544892416,248.47296392960752
2023-08-21,MSFT,0.5956783718632063,0.6272343784961582,0.5864249461995937,0.5944198573106206,1.2714371073700286,simulated,2025-08-20 16:55:58.540384,0.0014114367980762,0.019411054087589,267.02212083718547,248.96762998918624
2023-08-22,MSFT,0.4539394814067514,0.4456745140706577,0.4937216431498501,0.4914527310844072,1.2454575687827558,simulated,2025-08-20 16:55:58.540384,-0.0125320069521162,0.0192445025404765,266.31327598130747,249.34901208344013
2023-08-23,MSFT,0.8277114508205824,0.7722938702374869,0.840815793237019,0.8434014146549054,1.410565682626067,simulated,2025-08-20 16:55:58.540384,0.0433788817865066,0.0217760319227768,266.2418612506837,249.97274930347805
2023-08-24,MSFT,0.9215692221221062,0.9230310816638283,0.98336760855324,0.9549605336111535,1.4428518480096273,simulated,2025-08-20 16:55:58.540384,0.0131783804463603,0.0216880062507487,266.1357259513422,250.59709824981823
2023-08-25,MSFT,0.5745313206511328,0.5724248094486767,0.55093917154128,0.6118611788388029,-1.6868012533190784,simulated,2025-08-20 16:55:58.540384,-0.0400028517331522,0.0232535807804998,265.6902475014379,250.95560532097065
2023-08-26,MSFT,0.6856061109155818,0.6083261265449061,0.5669807149260532,0.6466825155647902,1.2778015976474355,simulated,2025-08-20 16:55:58.540384,0.0042290862953886,0.0232766282450301,265.3572783796557,251.3408748563536
2023-08-27,MSFT,0.525587595998047,0.4941833702608277,0.5090487962783167,0.541375935920023,-0.9701853731477317,simulated,2025-08-20 16:55:58.540384,-0.0127357292953677,0.0233553832085174,264.9810719800331,251.73923455555877
2023-08-28,MSFT,0.7087376261571571,0.6047424222470739,0.7187911437291256,0.6846307526271166,-1.3804417985246034,simulated,2025-08-20 16:55:58.540384,0.0175486666959245,0.0237216718428018,264.803722655287,252.3710807656312
2023-08-29,MSFT,0.5357480642350783,0.4753775416631099,0.507028839576802,0.5571218782004128,0.5385157281645798,simulated,2025-08-20 16:55:58.540384,-0.0153504147686541,0.0211444898975135,263.7988382777796,252.96110928387887
2023-08-30,MSFT,0.5559173183264317,0.6151414566680035,0.5709496677440797,0.5424427305509025,1.7755749707083737,simulated,2025-08-20 16:55:58.540384,-0.0017947288293378,0.0196346465788348,263.28595647536446,253.4606915082373
2023-08-31,MSFT,0.6489340705791172,0.6119411380854546,0.7075830326681911,0.6289828120527422,-0.40552159198278154,simulated,2025-08-20 16:55:58.540384,0.0105997455796091,0.0194955812845639,262.71880268230694,253.9928162259148
2023-09-01,MSFT,0.7822330023963177,0.7506225461417109,0.7058493851398644,0.7759733578004683,-1.6327117520474947,simulated,2025-08-20 16:55:58.540384,0.0178151038834024,0.01863742409121,262.8187522977026,254.7331432995569
2023-09-02,MSFT,0.5748626100448141,0.6021695139731201,0.6070332364669051,0.5785732712885275,1.238551750412244,simulated,2025-08-20 16:55:58.540384,-0.0235059281411156,0.0193002662301449,262.72365674857963,255.32995993058765
2023-09-03,MSFT,0.5193525633019801,0.4783449648947818,0.5181188213525911,0.5278120656240984,1.5421797533104369,simulated,2025-08-20 16:55:58.540384,-0.0061900247168189,0.0185929913905488,262.25592832445835,255.8567288098404
2023-09-04,MSFT,0.44114063140239995,0.5209938539766935,0.5148177667334263,0.45447346425506047,-1.0790662615083173,simulated,2025-08-20 16:55:58.540384,-0.008998906223219,0.0186456216194148,261.64787707196336,256.416760513093
2023-09-05,MSFT,0.38621241138295664,0.39388893162455446,0.3003150067071997,0.35298088437583575,1.4827370738877306,simulated,2025-08-20 16:55:58.540384,-0.0125665846514742,0.0182857861016177,261.1614287763556,256.89603750006916
2023-09-06,MSFT,0.6643162383602976,0.5670016096625192,0.6705382075843295,0.6385544950434605,-0.2368507537408204,simulated,2025-08-20 16:55:58.540384,0.0358090848056218,0.0198585019813903,261.3096561970266,257.54897562932814
2023-09-07,MSFT,0.746630567490473,0.6902360236022548,0.7664966475859645,0.7095914841934594,1.6270021975285025,simulated,2025-08-20 16:55:58.540384,0.0085996342192191,0.0197017250165808,261.38796902486894,258.34966158631784
2023-09-08,MSFT,0.4719429632620689,0.5590634148903191,0.5769892150551941,0.5036560581746055,-0.18789076945572267,simulated,2025-08-20 16:55:58.540384,-0.0247176790867008,0.0202504330947064,261.32488099142745,258.98525340092385
2023-09-09,MSFT,0.6744267914258979,0.7229602106164648,0.6873364366043409,0.6568818339758128,-0.7161237566510126,simulated,2025-08-20 16:55:58.540384,0.0188572389410954,0.0206669743136059,261.44239061970933,259.665129836816
2023-09-10,MSFT,1.0479721749622886,0.9988815974616142,1.0110731546437117,1.012399097734183,-1.3338187912583106,simulated,2025-08-20 16:55:58.540384,0.0429431239402526,0.0227308075544098,262.1057475935998,260.4692947608582
2023-09-11,MSFT,1.164408521655497,1.2052081186075474,1.2151827233852641,1.195008775506659,-1.2444237884525222,simulated,2025-08-20 16:55:58.540384,0.0211493052110229,0.0227883210859758,263.22233129789413,261.28847133102215
2023-09-12,MSFT,0.8924341947802562,0.8685422831992466,0.9950775492516276,0.9314939476514349,-0.7781093390106257,simulated,2025-08-20 16:55:58.540384,-0.0298873993190801,0.0220722701671391,263.3621391889552,262.06962391642935
2023-09-13,MSFT,0.871427554539691,0.9270447333975511,0.8644637571640834,0.8529336399153451,-1.6814894126238948,simulated,2025-08-20 16:55:58.540384,-0.0091846814573249,0.021975702297319,263.2002166700547,262.8857744409124
2023-09-14,MSFT,1.0760554295000249,1.0180380853130746,0.9877826171271026,1.0719085877442882,-1.7837392445773343,simulated,2025-08-20 16:55:58.540384,0.0258382229837323,0.0206154620658313,263.9303382347249,263.79164220136465
2023-09-15,MSFT,0.9803739545380145,1.0195098096011557,1.0277808252170324,0.9532084725332142,0.8733913992325568,simulated,2025-08-20 16:55:58.540384,-0.0136533893123755,0.0209410510979794,264.41681246973087,264.57244620440235
2023-09-16,MSFT,1.000248207677361,1.0506575065212826,1.0662078189598425,1.0336121327628243,-0.9051615997415364,simulated,2025-08-20 16:55:58.540384,0.0093763885629245,0.0207028808156243,265.1980194828976,265.3539287546452
2023-09-17,MSFT,1.1954492882286505,1.181369716860724,1.2026970042379694,1.1720371674911867,-0.4231743427498839,simulated,2025-08-20 16:55:58.540384,0.0159926810685866,0.0206487150998933,265.9715613556743,265.85775293069355
2023-09-18,MSFT,0.9854847112798703,1.0074975772858061,0.9625198990788035,1.0134065555886889,-1.2152738954032003,simulated,2025-08-20 16:55:58.540384,-0.0180386094315616,0.0207831501771669,266.6957112501001,266.2003468751059
2023-09-19,MSFT,0.9762804771489082,0.9541789645941151,1.0345735310250568,1.0074438067272629,0.6262808349422091,simulated,2025-08-20 16:55:58.540384,-0.0006905071212359,0.0207714235874542,267.43369456820835,266.419865540717
2023-09-20,MSFT,0.4241547019606141,0.397254917439627,0.4346137186346909,0.4523575106694593,0.5434296006761505,simulated,2025-08-20 16:55:58.540384,-0.0643253468013814,0.0255347554453787,267.1533801073289,266.1840392665018
2023-09-21,MSFT,0.3149747153585293,0.24475357290628771,0.3152573017499795,0.2909710101941864,-1.2065244175406105,simulated,2025-08-20 16:55:58.540384,-0.0199877528266857,0.025485802292786,266.3836536268658,265.77323093861156
2023-09-22,MSFT,0.2671711661296217,0.2039564533635822,0.1917024653509123,0.25495660764626354,0.3794339704791303,simulated,2025-08-20 16:55:58.540384,-0.0045513630278631,0.0250179106791572,265.87005546233326,265.37110681310315
2023-09-23,MSFT,0.06368202915248332,0.1025691066067786,0.0871670059042058,0.062322561823718606,0.6247872226393182,simulated,2025-08-20 16:55:58.540384,-0.0244556636392969,0.0255183995885264,265.1312969816348,264.7619856759859
2023-09-24,MSFT,0.3049646288827326,0.29054866578951644,0.3977380610561194,0.3170413017429803,0.4411368637576086,simulated,2025-08-20 16:55:58.540384,0.0331482260786326,0.0266782296004586,264.9131842750161,264.3966358894824
2023-09-25,MSFT,0.12251427519518705,0.025685937375807818,0.022947766576768013,0.09393426998406858,-0.22344505708715556,simulated,2025-08-20 16:55:58.540384,-0.0281028275592126,0.0272672345587277,264.50206247373865,263.91255100181564
2023-09-26,MSFT,0.021323181899127665,0.09841735831178339,0.10447474200709117,0.029885882039138414,0.9645785576579098,simulated,2025-08-20 16:55:58.540384,-0.0083008897339397,0.0258555774732667,263.536070553146,263.43736284752254
2023-09-27,MSFT,0.07758157347911131,0.10955406405671272,0.03927594560946384,0.05371978999753144,-1.0049132699481917,simulated,2025-08-20 16:55:58.540384,0.0031148115457217,0.0257493607900337,262.49516464145205,262.96590639670734
2023-09-28,MSFT,0.273193281585688,0.34156638897187963,0.3384322873324025,0.2788112633556914,0.7200459637237542,simulated,2025-08-20 16:55:58.540384,0.0293254657813222,0.0262662930781823,262.13832308507483,262.38727469674416
2023-09-29,MSFT,0.046047115227530695,0.1283257941524752,0.10019948869801507,0.05587463886787307,1.7372852900147617,simulated,2025-08-20 16:55:58.540384,-0.0282172430235887,0.0264946541900715,261.1844902731171,261.87323741341237
2023-09-30,MSFT,0.23465422692965468,0.18561814983473646,0.2490042461980108,0.23832399120814268,-0.36872091063652246,simulated,2025-08-20 16:55:58.540384,0.0237632750430991,0.0250348799614134,259.9559887817303,261.39837673435875
2023-10-01,MSFT,0.22751681790364586,0.2251443998738419,0.28203721240040863,0.24386279459697124,0.4938021709892543,simulated,2025-08-20 16:55:58.540384,0.0007046612203918,0.0243453116476187,258.44646567961416,261.1005606147421
2023-10-02,MSFT,0.11198867331252109,0.1303868548079811,0.15301384429469986,0.09338916447404569,0.5473617198056623,simulated,2025-08-20 16:55:58.540384,-0.0191301730209589,0.023890573726838,257.11634542721055,260.7545164180018
2023-10-03,MSFT,0.16815356480885477,0.19597856084588336,0.153336667282078,0.16855216317285568,-0.6930984801911129,simulated,2025-08-20 16:55:58.540384,0.0097420694852654,0.0240846838135137,256.03019285911046,260.33935863865435
2023-10-04,MSFT,0.18187090929081434,0.14816684530932941,0.17584243202400382,0.2034627431295958,1.3858156982266074,simulated,2025-08-20 16:55:58.540384,0.0044811939114695,0.0231510913085008,254.651919605904,259.9367907861361
2023-10-05,MSFT,0.14378104776748532,0.1590758965501809,0.13993247698433703,0.11343699227137909,0.20131355999620487,simulated,2025-08-20 16:55:58.540384,-0.0115043375431759,0.0231137233987998,253.3191542098487,259.5901435219162
2023-10-06,MSFT,0.11858830541401898,0.08447397365930301,0.17679536078794897,0.12810353626141874,-0.5009823626053986,simulated,2025-08-20 16:55:58.540384,0.0018960416998003,0.0229306396710385,251.88206024843984,259.3253885370947
2023-10-07,MSFT,0.07517118317252408,0.029210354164813677,0.11350459711911932,0.07225481778440652,-1.2677673140585792,simulated,2025-08-20 16:55:58.540384,-0.0072062719372352,0.0223792905148032,250.1366427231572,258.9521177634684
2023-10-08,MSFT,0.1244038299700619,0.09732099749433151,0.14050162678127492,0.0935703286322538,0.04001095532797417,simulated,2025-08-20 16:55:58.540384,0.0027703469050248,0.0222940931945359,248.6768099923012,258.6665507419291
2023-10-09,MSFT,0.20863142097886206,0.21123403125758392,0.18930821300277514,0.19960121826915492,-0.11918155807636736,simulated,2025-08-20 16:55:58.540384,0.0137426134904208,0.0226839452805199,247.3947175747056,258.42326239102954
2023-10-10,MSFT,0.4195970637046176,0.45997195352849074,0.5036578684759921,0.45161300026666545,0.43110601433285956,simulated,2025-08-20 16:55:58.540384,0.0322203363229069,0.019344231823855,247.3935359940909,258.332605329264
2023-10-11,MSFT,0.2895874868702446,0.1902011577874236,0.19470438420055453,0.2557790786063385,0.5255415891766019,simulated,2025-08-20 16:55:58.540384,-0.0242563099765369,0.0196002252959603,247.33768438476267,258.18299429999365
2023-10-12,MSFT,0.6048436628026258,0.6509830289690358,0.6028246671452666,0.5957854779037336,-0.9724399887564912,simulated,2025-08-20 16:55:58.540384,0.0431606674931253,0.0218022303355759,247.87859930618168,258.0258020353023
2023-10-13,MSFT,0.26522280544403515,0.23993083983049598,0.19934674661285917,0.27906099222911557,-0.15331366703678678,simulated,2025-08-20 16:55:58.540384,-0.03854175599045,0.0229128008391467,248.22257559833864,257.59672553478447
2023-10-14,MSFT,0.2298704752905983,0.19923726312474702,0.23076178289510693,0.2590264803453945,0.6191700759450699,simulated,2025-08-20 16:55:58.540384,-0.0025357019007116,0.0216867274123664,248.1305027568165,257.3727379916338
2023-10-15,MSFT,0.37814525752566974,0.4125111967860272,0.33380122982160476,0.3556967821164275,0.024060564298358605,simulated,2025-08-20 16:55:58.540384,0.0122663441296915,0.0208083760510653,248.5459348432285,257.1880135872447
2023-10-16,MSFT,0.413082222984557,0.47182932645655995,0.3873034494035324,0.4045184494973461,1.136669790466479,simulated,2025-08-20 16:55:58.540384,0.0061198373547006,0.0206867117409597,249.1404981665602,257.10113332213336
2023-10-17,MSFT,0.3103447377160853,0.36123639038686634,0.3400456893116607,0.30857057863726794,-0.658448287059184,simulated,2025-08-20 16:55:58.540384,-0.0119539903964118,0.0209396805434987,249.54496095225815,256.8624017154959
2023-10-18,MSFT,0.30977041833690827,0.3240877262152585,0.2614727640108351,0.27952562281861604,-1.4188764962088227,simulated,2025-08-20 16:55:58.540384,-0.0036624450071455,0.0199360892457808,249.5460946816059,256.6861772582747
2023-10-19,MSFT,0.22743525531642064,0.22666844290757693,0.19735346709203833,0.2055680202585534,-0.877315919102184,simulated,2025-08-20 16:55:58.540384,-0.0093600186931767,0.0189429135940594,249.7836666442472,256.4723214809655
2023-10-20,MSFT,0.08979728704867912,0.12291670112836474,0.07586650562740327,0.11721694463479519,-0.8186059830344281,simulated,2025-08-20 16:55:58.540384,-0.0112872951388842,0.0183514669092543,249.59146283084655,256.1474407937746
2023-10-21,MSFT,0.23702337245041474,0.1863690767199655,0.23216787619416823,0.25259011030126044,-1.3048636276330656,simulated,2025-08-20 16:55:58.540384,0.0174920419404205,0.0187936725959666,249.60531358029988,255.81518512778104
2023-10-22,MSFT,0.2919525182702541,0.2953159197471146,0.26850056556964214,0.3127537442542305,0.3298947243791723,simulated,2025-08-20 16:55:58.540384,0.0076403097193009,0.018289336734763,249.95345772179903,255.6464368072896
2023-10-23,MSFT,0.22514040233435614,0.18477811346960896,0.13861076250836316,0.20676095838334346,1.6317431513863563,simulated,2025-08-20 16:55:58.540384,-0.013358191905213,0.0184739884025763,250.01409726633992,255.44262621540696
2023-10-24,MSFT,0.31344990235941483,0.31066854413426626,0.36817368165811354,0.351528756672432,-0.6723534817042773,simulated,2025-08-20 16:55:58.540384,0.018491997508665,0.0188974418877396,250.2490865030787,255.37727455858223
2023-10-25,MSFT,0.4090636327610738,0.4355300876376316,0.4318223344881495,0.4045201666183184,-0.9099665975452114,simulated,2025-08-20 16:55:58.540384,0.0066459904175322,0.0186946745054873,250.71105215833364,255.40999287470743
2023-10-26,MSFT,0.5590901716290371,0.5335397292102452,0.5585441646752977,0.5390210335411747,1.7292100650223377,simulated,2025-08-20 16:55:58.540384,0.0167572423767792,0.0189828537644993,251.36320174173855,255.34680675497947
2023-10-27,MSFT,0.6754488129685553,0.5728608556610982,0.6392507878091864,0.6458686745485346,-1.0240185194921265,simulated,2025-08-20 16:55:58.540384,0.0130925768384722,0.0189647450431546,252.27355975812975,255.30635405677273
2023-10-28,MSFT,0.49884121315961577,0.4639447967283925,0.4926535801173787,0.5129235884942487,1.6654284306632392,simulated,2025-08-20 16:55:58.540384,-0.0160799002184413,0.0194786066745088,252.9390973794988,255.3122372971576
2023-10-29,MSFT,0.4505607531144197,0.45051501814041256,0.4852203334286329,0.42585139453063703,0.961068008921415,simulated,2025-08-20 16:55:58.540384,-0.0107036208039393,0.019524728269313,253.2981693566499,255.1655738858058
2023-10-30,MSFT,0.5170662214917614,0.4777960109589241,0.5529661220174085,0.5501561165005984,-0.6085116997792785,simulated,2025-08-20 16:55:58.540384,0.0154458721024652,0.0184724086773154,253.4545629213553,254.8721314603662
2023-10-31,MSFT,0.6810932959627166,0.7050011955507846,0.6500168560968657,0.6540018965123072,1.0906693082679582,simulated,2025-08-20 16:55:58.540384,0.0127074053086693,0.0176684893562614,254.0865653221265,254.52868790968657
2023-11-01,MSFT,0.6223793705210481,0.6482877924976543,0.5741629570206579,0.6546802576103022,1.6678198226430043,simulated,2025-08-20 16:55:58.540384,8.196812071714632e-05,0.0148699133748146,254.18003470784168,254.3529602428569
2023-11-02,MSFT,0.6681584320740642,0.6693319768692958,0.6508790092610499,0.6782399715920212,1.0158724287294618,simulated,2025-08-20 16:55:58.540384,0.0028465476661756,0.0116975894941954,254.81355459156256,254.2420607033876
2023-11-03,MSFT,0.9177768051922945,0.9025762859120299,0.872973085009353,0.8944863000564619,0.9268500452448144,simulated,2025-08-20 16:55:58.540384,0.0260532979157686,0.0127455292103964,255.8220656903562,254.12942897388635
2023-11-04,MSFT,0.7667640342302994,0.8446414123193682,0.7799993612679531,0.7979833493663344,-1.5660344356177605,simulated,2025-08-20 16:55:58.540384,-0.0113314277767165,0.0130254736862924,256.52399978293454,254.03088851252625
2023-11-05,MSFT,0.8693290425630834,0.861846834786489,0.9075322571971083,0.8943233493683238,-0.054611645751956206,simulated,2025-08-20 16:55:58.540384,0.0114419476234006,0.0131510147325969,257.3013481886732,253.9424648044437
2023-11-06,MSFT,0.8810446607976219,0.8865322668702291,0.8692754625968451,0.8641430632515638,-0.4107683138687177,simulated,2025-08-20 16:55:58.540384,-0.0035438530486778,0.0127751621948691,258.1830735150246,253.74700657923597
2023-11-07,MSFT,0.8481448112770399,0.8354534752419047,0.8493892358494564,0.8314409977789006,-0.4687080655055046,simulated,2025-08-20 16:55:58.540384,-0.0038536240645444,0.0127808489919705,259.0589947990727,253.63149067786375
2023-11-08,MSFT,1.0313912819777815,0.9741216886603696,1.0672746653975178,1.0214346430869485,0.33163295768351414,simulated,2025-08-20 16:55:58.540384,0.0224755370397438,0.0130792736107778,260.3538218183984,253.6403723810415
2023-11-09,MSFT,1.1829623455320248,1.2241673800009876,1.2235521106200486,1.1684435066433716,1.6948221833524186,simulated,2025-08-20 16:55:58.540384,0.0170083269797605,0.0127450731181882,262.02217852994374,254.09496016282057
2023-11-10,MSFT,1.3168948374212432,1.357536134060865,1.354476157560599,1.3158594602514753,0.20223606153188542,simulated,2025-08-20 16:55:58.540384,0.0167701927200127,0.0127131861313111,263.7096478351147,254.7455828110806
2023-11-11,MSFT,1.5277338246432461,1.5702973972075827,1.637538551022939,1.553689766798129,-0.7622703754895437,simulated,2025-08-20 16:55:58.540384,0.0266095761430866,0.0134920197781816,265.6790843168697,255.5700483491041
2023-11-12,MSFT,1.5447464876306563,1.6130724443580153,1.4705494342183931,1.56213202528238,0.25717165946392523,simulated,2025-08-20 16:55:58.540384,0.0009200768326551,0.0126910289064902,267.830135762692,256.5221617278298
2023-11-13,MSFT,1.6589000071841957,1.745963600328358,1.6327128896859648,1.6919857675735126,-0.5043573889782189,simulated,2025-08-20 16:55:58.540384,0.0141390594258992,0.0125397052989356,269.95751774817177,257.3950079478445
2023-11-14,MSFT,1.673215307839157,1.6641413651062327,1.544420003279807,1.6388468602133657,0.02480853488518261,simulated,2025-08-20 16:55:58.540384,-0.0057053351318692,0.012902277411564,271.9164648466584,258.37575382387536
2023-11-15,MSFT,1.707771877266522,1.7520005282814977,1.730041085584889,1.7035177670989792,0.25484968574711325,simulated,2025-08-20 16:55:58.540384,0.0069833270497687,0.0127071102273384,273.7645878024671,259.4382136547079
2023-11-16,MSFT,1.6712276817690639,1.7071055968478004,1.7579284730377702,1.6839076840092728,0.06524144846499662,simulated,2025-08-20 16:55:58.540384,-0.0021028610873536,0.0127631997305067,275.4120151134463,260.47309424557045
2023-11-17,MSFT,1.6995618299679387,1.726595891033749,1.6563078218479206,1.7066131327203327,1.5557364234895303,simulated,2025-08-20 16:55:58.540384,0.0024399192998543,0.0117042234938253,277.3064687303773,261.3794955552786
2023-11-18,MSFT,1.86074673079191,1.830603375514401,1.9029072204500788,1.8223161389680573,-1.75864870761562,simulated,2025-08-20 16:55:58.540384,0.0124031405087383,0.0109902167605012,279.5227381940855,262.50087305419316
2023-11-19,MSFT,1.6368816364729146,1.705720213505057,1.5876780951663632,1.6724889992186134,0.42235416281353655,simulated,2025-08-20 16:55:58.540384,-0.0158644136646693,0.0120646649268338,281.30394470573697,263.41131382996883
2023-11-20,MSFT,2.070231783342774,1.9864925968600227,2.1500190131831483,2.066085921588248,-0.7290646644447254,simulated,2025-08-20 16:55:58.540384,0.0423477455137091,0.0144490920179621,283.5450028616497,264.5681027825008
2023-11-21,MSFT,1.8727288097593644,1.9325615155860916,1.8455850627120758,1.8760040372373255,0.35470207961401445,simulated,2025-08-20 16:55:58.540384,-0.019620347629994,0.0156403038805974,285.48331359156265,265.69974750859774
2023-11-22,MSFT,1.6570152942026966,1.7048915181557804,1.5732992751788837,1.6501077685876038,-0.23943020203422372,simulated,2025-08-20 16:55:58.540384,-0.0237837722557546,0.0170815440768043,287.0257234016366,266.64027292039805
2023-11-23,MSFT,1.820031287314938,1.7686400523356276,1.865089981414813,1.869504313470651,1.5175167880625369,simulated,2025-08-20 16:55:58.540384,0.0236622174700014,0.0169392900854955,288.5731327854416,267.6979142457014
2023-11-24,MSFT,2.05624511180872,2.070839339054968,1.9748607051187246,2.0245300235369075,0.8984593640623172,simulated,2025-08-20 16:55:58.540384,0.0163332538792586,0.0166129098553937,290.5197325478812,268.9111198477392
2023-11-25,MSFT,2.187559159949001,2.0633881515574224,2.10494662803717,2.149763955374669,-1.7596021114748088,simulated,2025-08-20 16:55:58.540384,0.0129823963410431,0.0166383687938206,292.5121886336324,270.1945161585207
2023-11-26,MSFT,2.279293836603246,2.2290474962304287,2.2364696881372836,2.277449565638904,-1.7288593156135852,simulated,2025-08-20 16:55:58.540384,0.0130669101852856,0.0164967494656824,294.75518693099593,271.5944242623715
2023-11-27,MSFT,2.2948138304326755,2.3103002339080048,2.339060656758206,2.279974541738026,-1.2080961813717934,simulated,2025-08-20 16:55:58.540384,0.0002550645430616,0.0163682771669915,297.0540925592415,272.98240370463986
2023-11-28,MSFT,2.143993260665846,2.027497582335659,2.1130865386156974,2.1072352677071975,0.5980870776966176,simulated,2025-08-20 16:55:58.540384,-0.0174450874297166,0.0169426082604519,298.7773202866917,274.19341346583593
2023-11-29,MSFT,2.14270815361943,2.1716244843104735,2.0874101497257573,2.126850115267261,1.4775951063998893,simulated,2025-08-20 16:55:58.540384,0.0020160911638744,0.0167638951425943,300.298366420488,275.25689233337937
2023-11-30,MSFT,1.9622595371038847,2.0471986342820117,2.019528506512155,1.9996947293440095,-0.8838196041933055,simulated,2025-08-20 16:55:58.540384,-0.0130432342302422,0.0170158071890259,301.38365212579026,276.36396990749165
2023-12-01,MSFT,2.195192457905405,2.177540816231353,2.233398025845476,2.1921499017259936,-0.6753001750016898,simulated,2025-08-20 16:55:58.540384,0.0200023946683549,0.0166095510959222,302.3969248965294,277.37737858524326
2023-12-02,MSFT,2.1742350501581678,2.0582054319174428,2.1208309859709615,2.1681923281105915,-1.5608836452926276,simulated,2025-08-20 16:55:58.540384,-0.0024411476300427,0.0166539680466777,303.35877727960917,278.576642400338
2023-12-03,MSFT,2.0000691611506114,1.95668883957363,1.9926525698206612,2.011453308902169,-1.6125903534918573,simulated,2025-08-20 16:55:58.540384,-0.0160099439358502,0.0169853873236259,303.86579054959174,279.68912306495463
2023-12-04,MSFT,1.9729678465003095,1.9617321552436855,1.878761912221763,1.9543494480201111,-1.4371430835643335,simulated,2025-08-20 16:55:58.540384,-0.0059277168330598,0.0169906474891334,304.36651121143615,280.7039843711584
2023-12-05,MSFT,2.0759658863990227,2.1137573519845936,1.9735787743202864,2.0382243688597645,0.8225981010158597,simulated,2025-08-20 16:55:58.540384,0.0087586290855123,0.0170236876968259,304.89770974239707,281.74109828504265
2023-12-06,MSFT,1.970788872741069,1.9443854892507473,1.9676834764546391,1.9341413174407842,-0.37365359325805464,simulated,2025-08-20 16:55:58.540384,-0.0107744910560796,0.0172400974407907,305.2948448385577,282.7730478000902
2023-12-07,MSFT,1.7735059345422317,1.7245337266779523,1.7191074673830158,1.781775707526805,-0.7310397707766532,simulated,2025-08-20 16:55:58.540384,-0.0159444079113286,0.0176702872610053,305.4141321460396,283.7267105410521
2023-12-08,MSFT,1.7920614345021963,1.8433856736768752,1.835515586492063,1.832308719342289,0.11429060162850682,simulated,2025-08-20 16:55:58.540384,0.0053737442298382,0.0174910866800299,305.42999094293026,284.7594027736664
2023-12-09,MSFT,1.9255062888110108,1.8768147279675553,1.92217259498335,1.8833551895988347,0.49022972803379106,simulated,2025-08-20 16:55:58.540384,0.0053993314221745,0.0171054066435334,305.76464765412163,285.8805877592789
2023-12-10,MSFT,1.8199032716368877,1.8297181628762256,1.7146822440111977,1.7917352178877033,0.6421868878554869,simulated,2025-08-20 16:55:58.540384,-0.0096388635074226,0.014243734494233,305.3292373873173,286.85767230530774
2023-12-11,MSFT,1.6692907896810771,1.6235974395901618,1.7190422427464829,1.7077582740244321,-0.9078241260206028,simulated,2025-08-20 16:55:58.540384,-0.0089207661123664,0.0137119729405347,305.062221733043,287.7432531130953
2023-12-12,MSFT,1.7915062013876324,1.7903163859866036,1.7076120089265145,1.7557220965046387,1.1211578989288458,simulated,2025-08-20 16:55:58.540384,0.0051409987471526,0.0126445017243702,305.22983771534757,288.7265691000011
2023-12-13,MSFT,1.519352915831097,1.4848739630655057,1.5735047297564602,1.4888188155742625,-1.1405422242459036,simulated,2025-08-20 16:55:58.540384,-0.0284616868299463,0.0130163099401246,304.6256680450246,289.44854686247976
2023-12-14,MSFT,1.235952400848924,1.3072326613094412,1.232890127675692,1.2369137131796937,-0.9528940899937217,simulated,2025-08-20 16:55:58.540384,-0.0276492754875311,0.0134698285803014,303.375675888247,289.9769693397045
2023-12-15,MSFT,1.1196153685374701,1.0784237697970704,1.1676217207618889,1.1140516851370565,1.5857051385398646,simulated,2025-08-20 16:55:58.540384,-0.0138688844250486,0.0130009645851203,301.73194124556517,290.34201196005125
2023-12-16,MSFT,1.070020200842428,1.095102433740626,1.0891414570994662,1.0811263361790509,-0.9824825273210019,simulated,2025-08-20 16:55:58.540384,-0.003768943034237,0.0122590063416325,299.8333078194525,290.6183234869006
2023-12-17,MSFT,1.0982154455955024,1.204412728596069,1.0570800948796428,1.1395946636676069,-1.2718439127469852,simulated,2025-08-20 16:55:58.540384,0.00671815131196,0.0125245215003906,298.02345969341695,291.0161486302071
2023-12-18,MSFT,1.3847182801553635,1.321962183271362,1.4257843471037326,1.4025022793776094,-0.18171908280542054,simulated,2025-08-20 16:55:58.540384,0.0300071243389909,0.0145740368247983,296.9050081117897,291.63614896789187
2023-12-19,MSFT,1.586332378805142,1.6282493378629315,1.644956662730206,1.5618119990890345,0.6348086670090864,simulated,2025-08-20 16:55:58.540384,0.0176531924640404,0.0152956742270107,296.00826028646486,292.2783712794232
2023-12-20,MSFT,1.4885488848796378,1.5589465419707926,1.5546513814079637,1.5370272351411582,0.6521300015530587,simulated,2025-08-20 16:55:58.540384,-0.0026987705992685,0.0151072921210784,295.2739804964905,292.8389359772372
2023-12-21,MSFT,1.5197049774473703,1.4494284116088945,1.5963819873626082,1.5381233388889324,-1.3725069775672485,simulated,2025-08-20 16:55:58.540384,0.0001196758419461,0.0141848265766573,294.2360029138528,293.3997658676477
2023-12-22,MSFT,1.3470535737121856,1.3138405166969782,1.4282153759176408,1.3590392710909187,0.32593215078591353,simulated,2025-08-20 16:55:58.540384,-0.0195505872927562,0.0146360873434893,292.951830707657,293.8319528467758
2023-12-23,MSFT,1.3606972688830516,1.3862244518592162,1.309234437987733,1.3602044352640952,-0.8337397913618365,simulated,2025-08-20 16:55:58.540384,0.0001297372801523,0.0143937186158613,291.91826147673453,294.12760137950596
2023-12-24,MSFT,1.3475120976360626,1.2274844052124239,1.2592589042401388,1.3128401841133692,-1.3585891084909192,simulated,2025-08-20 16:55:58.540384,-0.0052731727784026,0.0143884004497899,290.900149563816,294.454444283511
2023-12-25,MSFT,1.358290158093126,1.3788783419339956,1.3941438058091173,1.374975766481815,0.052118978324179825,simulated,2025-08-20 16:55:58.540384,0.0069543712067616,0.0143138664995436,289.8475360766853,294.7595734402475
2023-12-26,MSFT,1.214486068609168,1.1945381904791295,1.2135206849341398,1.2306241334585732,0.07008397691664218,simulated,2025-08-20 16:55:58.540384,-0.0160446188710465,0.0145030088442771,288.73101404613305,294.9922240125336
2023-12-27,MSFT,1.3454176722028228,1.337904663598415,1.3878673122497613,1.3270010756840809,-0.3494097799604622,simulated,2025-08-20 16:55:58.540384,0.0108869302848233,0.0145532297302544,288.00926068040224,295.30681689358386
2023-12-28,MSFT,1.5980782214441043,1.5121083115949498,1.6796419288820605,1.6058024739234498,0.8464727882984469,simulated,2025-08-20 16:55:58.540384,0.0311547782600516,0.0163112545942764,287.64978230684454,295.67778696904486
2023-12-29,MSFT,1.5617277626105979,1.6450453982429936,1.5614110655548097,1.590344179469705,-1.1904793937434983,simulated,2025-08-20 16:55:58.540384,-0.0016752029691372,0.0162397738796029,287.1847570658807,295.9456191736537
2023-12-30,MSFT,1.661110667995962,1.7421477464390664,1.6176403337596896,1.6689637322664077,1.258653756640231,simulated,2025-08-20 16:55:58.540384,0.0085342344419787,0.0162652357552578,286.9899116924616,296.1697778482465
2023-12-31,MSFT,1.7643756380653128,1.8745119673254789,1.8541343852480934,1.8018500094446752,-0.20583830151750654,simulated,2025-08-20 16:55:58.540384,0.0143028798342221,0.0164625124354161,287.13924066108024,296.32731565077955
