date,open,high,low,close,volume,dividends,stock_splits,symbol,fetch_timestamp,data_source
2025-02-24 00:00:00-05:00,244.3319283268952,248.25234005966587,243.82317911276243,246.49664306640625,51326400,0.0,0.0,AAPL,2025-08-24 17:35:06.310147,yfinance
2025-02-25 00:00:00-05:00,247.3944454522674,249.38956194785018,244.3119941197594,246.43678283691406,48013300,0.0,0.0,AAPL,2025-08-24 17:35:06.310147,yfinance
2025-02-26 00:00:00-05:00,243.7334092806253,244.3818160551289,238.54610942000366,239.77310180664062,44433600,0.0,0.0,AAPL,2025-08-24 17:35:06.310147,yfinance
2025-02-27 00:00:00-05:00,238.82541422357912,241.86796980219768,236.48114634623442,236.72056579589844,41153600,0.0,0.0,AAPL,2025-08-24 17:35:06.310147,yfinance
2025-02-28 00:00:00-05:00,236.37142201455794,241.49887076126774,229.63790389196947,241.24948120117188,56833400,0.0,0.0,AAPL,2025-08-24 17:35:06.310147,yfinance
2025-03-03 00:00:00-05:00,241.19958958341564,243.43412542285543,235.53346633482454,237.4487762451172,47184000,0.0,0.0,AAPL,2025-08-24 17:35:06.310147,yfinance
2025-03-04 00:00:00-05:00,237.1295800554318,239.4838181516717,234.10696453181083,235.35391235351562,53798100,0.0,0.0,AAPL,2025-08-24 17:35:06.310147,yfinance
2025-03-05 00:00:00-05:00,234.84515699420854,235.97240266650644,228.67026910680244,235.1643829345703,47227600,0.0,0.0,AAPL,2025-08-24 17:35:06.310147,yfinance
2025-03-06 00:00:00-05:00,233.86756011302523,237.27920752401755,232.59068676229822,234.75538635253906,45170400,0.0,0.0,AAPL,2025-08-24 17:35:06.310147,yfinance
2025-03-07 00:00:00-05:00,234.53591456798168,240.78062356819368,234.1867631010968,238.4862518310547,46273600,0.0,0.0,AAPL,2025-08-24 17:35:06.310147,yfinance
2025-03-10 00:00:00-04:00,234.96486230654432,235.583358769024,223.6725108894593,226.92454528808594,72071200,0.0,0.0,AAPL,2025-08-24 17:35:06.310147,yfinance
2025-03-11 00:00:00-04:00,223.26349982428485,225.28854176632854,216.91902902029437,220.30075073242188,76137400,0.0,0.0,AAPL,2025-08-24 17:35:06.310147,yfinance
2025-03-12 00:00:00-04:00,219.60246770742089,221.20853706339403,214.38524243690583,216.45018005371094,62547500,0.0,0.0,AAPL,2025-08-24 17:35:06.310147,yfinance
2025-03-13 00:00:00-04:00,215.42269353923288,216.31051974194543,207.9110813961123,209.16799926757812,61368300,0.0,0.0,AAPL,2025-08-24 17:35:06.310147,yfinance
2025-03-14 00:00:00-04:00,210.73416839029963,213.4275724686152,209.06824803363213,212.9687042236328,60107600,0.0,0.0,AAPL,2025-08-24 17:35:06.310147,yfinance
2025-03-17 00:00:00-04:00,212.78914514941675,214.69448503570536,209.4573042902151,213.4774627685547,48073400,0.0,0.0,AAPL,2025-08-24 17:35:06.310147,yfinance
2025-03-18 00:00:00-04:00,213.6370814211214,214.624654360469,210.97360268345204,212.17066955566406,42432400,0.0,0.0,AAPL,2025-08-24 17:35:06.310147,yfinance
2025-03-19 00:00:00-04:00,213.6969181399133,218.22582565599035,213.22806456968678,214.7144317626953,54385400,0.0,0.0,AAPL,2025-08-24 17:35:06.310147,yfinance
2025-03-20 00:00:00-04:00,213.46749271646212,216.9589465476154,211.70181037410745,213.5772247314453,48862900,0.0,0.0,AAPL,2025-08-24 17:35:06.310147,yfinance
2025-03-21 00:00:00-04:00,211.0434226778215,218.30564558008663,210.76410758323678,217.73704528808594,94127800,0.0,0.0,AAPL,2025-08-24 17:35:06.310147,yfinance
2025-03-24 00:00:00-04:00,220.460369765545,220.93919345594836,218.04628066528426,220.19102478027344,44299500,0.0,0.0,AAPL,2025-08-24 17:35:06.310147,yfinance
2025-03-25 00:00:00-04:00,220.23093972638688,223.55281053469957,219.54262209652958,223.2036590576172,34493600,0.0,0.0,AAPL,2025-08-24 17:35:06.310147,yfinance
2025-03-26 00:00:00-04:00,222.9642357514217,224.47055842890478,219.93166541277708,220.98907470703125,34466100,0.0,0.0,AAPL,2025-08-24 17:35:06.310147,yfinance
2025-03-27 00:00:00-04:00,220.84942102067788,224.4406368200556,220.02144584411215,223.3034210205078,37094800,0.0,0.0,AAPL,2025-08-24 17:35:06.310147,yfinance
2025-03-28 00:00:00-04:00,221.12873402087155,223.26350805320467,217.1484711493609,217.36793518066406,39818600,0.0,0.0,AAPL,2025-08-24 17:35:06.310147,yfinance
2025-03-31 00:00:00-04:00,216.48010744476517,225.06908447075043,215.7020132379398,221.58761596679688,65299300,0.0,0.0,AAPL,2025-08-24 17:35:06.310147,yfinance
2025-04-01 00:00:00-04:00,219.27328293515097,223.13382860511078,218.3655012478301,222.64503479003906,36412700,0.0,0.0,AAPL,2025-08-24 17:35:06.310147,yfinance
2025-04-02 00:00:00-04:00,220.7796058888877,224.64015156252358,220.48033536050963,223.34332275390625,35905900,0.0,0.0,AAPL,2025-08-24 17:35:06.310147,yfinance
2025-04-03 00:00:00-04:00,205.0381002304481,206.98335084549154,200.75858236471802,202.69384765625,103419000,0.0,0.0,AAPL,2025-08-24 17:35:06.310147,yfinance
2025-04-04 00:00:00-04:00,193.4165691841804,199.39194860307396,186.88255957870848,187.92002868652344,125910900,0.0,0.0,AAPL,2025-08-24 17:35:06.310147,yfinance
2025-04-07 00:00:00-04:00,176.76731422169505,193.6759230716255,174.19361217758157,181.0169219970703,160466300,0.0,0.0,AAPL,2025-08-24 17:35:06.310147,yfinance
2025-04-08 00:00:00-04:00,186.24410709579757,189.8752182218586,168.79682446290911,171.9989776611328,120859500,0.0,0.0,AAPL,2025-08-24 17:35:06.310147,yfinance
2025-04-09 00:00:00-04:00,171.53013119082922,200.1201531468693,171.47028013366514,198.3644561767578,184395900,0.0,0.0,AAPL,2025-08-24 17:35:06.310147,yfinance
2025-04-10 00:00:00-04:00,188.60833789927736,194.30438674913324,182.553152263757,189.9550323486328,121880000,0.0,0.0,AAPL,2025-08-24 17:35:06.310147,yfinance
2025-04-11 00:00:00-04:00,185.64558871717136,199.05275825525484,185.60567786476867,197.66615295410156,87435900,0.0,0.0,AAPL,2025-08-24 17:35:06.310147,yfinance
2025-04-14 00:00:00-04:00,210.9237150406947,212.42005238891582,200.66881763194172,202.02549743652344,101352900,0.0,0.0,AAPL,2025-08-24 17:35:06.310147,yfinance
2025-04-15 00:00:00-04:00,201.36709301089155,203.01305790446213,199.3121256140358,201.6464080810547,51343900,0.0,0.0,AAPL,2025-08-24 17:35:06.310147,yfinance
2025-04-16 00:00:00-04:00,197.8756484915953,200.2099310657198,191.9002692932641,193.79563903808594,59732400,0.0,0.0,AAPL,2025-08-24 17:35:06.310147,yfinance
2025-04-17 00:00:00-04:00,196.71848747425943,198.34451232255947,193.9452767059697,196.4990234375,52164700,0.0,0.0,AAPL,2025-08-24 17:35:06.310147,yfinance
2025-04-21 00:00:00-04:00,192.79808650813246,193.3267911609043,189.34652827875263,192.6883544921875,46742500,0.0,0.0,AAPL,2025-08-24 17:35:06.310147,yfinance
2025-04-22 00:00:00-04:00,195.64111763020085,201.097762433896,195.49148998245192,199.25228881835938,52976400,0.0,0.0,AAPL,2025-08-24 17:35:06.310147,yfinance
2025-04-23 00:00:00-04:00,205.49699351150966,207.49210995336898,202.30481024884085,204.1004180908203,52929200,0.0,0.0,AAPL,2025-08-24 17:35:06.310147,yfinance
2025-04-24 00:00:00-04:00,204.38970763388747,208.32008954356945,202.44447210591895,207.8612060546875,47311000,0.0,0.0,AAPL,2025-08-24 17:35:06.310147,yfinance
2025-04-25 00:00:00-04:00,205.86608387594285,209.2378355121778,205.69650080604464,208.76898193359375,38222300,0.0,0.0,AAPL,2025-08-24 17:35:06.310147,yfinance
2025-04-28 00:00:00-04:00,209.48723454234343,210.98357193193158,206.95344326011445,209.62689208984375,38743100,0.0,0.0,AAPL,2025-08-24 17:35:06.310147,yfinance
2025-04-29 00:00:00-04:00,208.18043904370694,211.72177396764008,207.86121308906752,210.6942901611328,36827600,0.0,0.0,AAPL,2025-08-24 17:35:06.310147,yfinance
2025-04-30 00:00:00-04:00,208.78894157113288,213.0584895980106,206.16535854293033,211.9811248779297,52286500,0.0,0.0,AAPL,2025-08-24 17:35:06.310147,yfinance
2025-05-01 00:00:00-04:00,208.56948083895412,214.0360957896086,208.3899124386699,212.79913330078125,57365700,0.0,0.0,AAPL,2025-08-24 17:35:06.310147,yfinance
2025-05-02 00:00:00-04:00,205.58677037884885,206.48458191182934,201.66637387157866,204.8485870361328,101010600,0.0,0.0,AAPL,2025-08-24 17:35:06.310147,yfinance
2025-05-05 00:00:00-04:00,202.6040848015313,203.60164304236298,197.72602561272546,198.40435791015625,69018500,0.0,0.0,AAPL,2025-08-24 17:35:06.310147,yfinance
2025-05-06 00:00:00-04:00,197.72602851406054,200.1600578713198,196.538931754607,198.02528381347656,51216500,0.0,0.0,AAPL,2025-08-24 17:35:06.310147,yfinance
2025-05-07 00:00:00-04:00,198.6836658614824,198.95301083885846,192.77812311451905,195.7707977294922,68536700,0.0,0.0,AAPL,2025-08-24 17:35:06.310147,yfinance
2025-05-08 00:00:00-04:00,197.2372161152265,199.56152863729463,194.20463054641704,197.00778198242188,50478900,0.0,0.0,AAPL,2025-08-24 17:35:06.310147,yfinance
2025-05-09 00:00:00-04:00,198.51409591462888,200.0503289543839,197.05765414160055,198.0452423095703,36453900,0.0,0.0,AAPL,2025-08-24 17:35:06.310147,yfinance
2025-05-12 00:00:00-04:00,210.7308445260501,211.03050749278242,206.5156271207593,210.55104064941406,63775800,0.26,0.0,AAPL,2025-08-24 17:35:06.310147,yfinance
2025-05-13 00:00:00-04:00,210.19144790738707,213.1580823159532,208.76307628033234,212.68861389160156,51909300,0.0,0.0,AAPL,2025-08-24 17:35:06.310147,yfinance
2025-05-14 00:00:00-04:00,212.18917192393894,213.69746987061376,210.34127831689767,212.08929443359375,49325800,0.0,0.0,AAPL,2025-08-24 17:35:06.310147,yfinance
2025-05-15 00:00:00-04:00,210.71086343228015,212.71859464512332,209.30245815432872,211.21029663085938,45029500,0.0,0.0,AAPL,2025-08-24 17:35:06.310147,yfinance
2025-05-16 00:00:00-04:00,212.11926693678467,212.32903558469047,209.53220664773164,211.0205078125,54737900,0.0,0.0,AAPL,2025-08-24 17:35:06.310147,yfinance
2025-05-19 00:00:00-04:00,207.67431083672193,209.24252311349682,204.02843943795537,208.54331970214844,46140500,0.0,0.0,AAPL,2025-08-24 17:35:06.310147,yfinance
2025-05-20 00:00:00-04:00,207.4345828831543,208.2336790492342,204.79757620413463,206.62550354003906,42496600,0.0,0.0,AAPL,2025-08-24 17:35:06.310147,yfinance
2025-05-21 00:00:00-04:00,204.93741112479617,206.80528635778637,200.4824756537251,201.86090087890625,59211800,0.0,0.0,AAPL,2025-08-24 17:35:06.310147,yfinance
2025-05-22 00:00:00-04:00,200.48247209416806,202.52015274475195,199.4736073247078,201.13172912597656,46742400,0.0,0.0,AAPL,2025-08-24 17:35:06.310147,yfinance
2025-05-23 00:00:00-04:00,193.45045269257122,197.4758830409797,193.24069928507132,195.04864501953125,78432900,0.0,0.0,AAPL,2025-08-24 17:35:06.310147,yfinance
2025-05-27 00:00:00-04:00,198.07520901450675,200.51244545494848,197.20618488735448,199.98304748535156,56288500,0.0,0.0,AAPL,2025-08-24 17:35:06.310147,yfinance
2025-05-28 00:00:00-04:00,200.36260025266836,202.50017366149785,199.67338002302156,200.1927947998047,45339700,0.0,0.0,AAPL,2025-08-24 17:35:06.310147,yfinance
2025-05-29 00:00:00-04:00,203.3492174371598,203.57895243464628,198.28495762525483,199.72332763671875,51396800,0.0,0.0,AAPL,2025-08-24 17:35:06.310147,yfinance
2025-05-30 00:00:00-04:00,199.14398126681596,201.73105672211125,196.55692105301176,200.622314453125,70819900,0.0,0.0,AAPL,2025-08-24 17:35:06.310147,yfinance
2025-06-02 00:00:00-04:00,200.05295557621693,201.9008644592711,199.89313329888972,201.47134399414062,35423300,0.0,0.0,AAPL,2025-08-24 17:35:06.310147,yfinance
2025-06-03 00:00:00-04:00,201.1217444882778,203.5389992121068,200.7321872237246,203.03956604003906,46381600,0.0,0.0,AAPL,2025-08-24 17:35:06.310147,yfinance
2025-06-04 00:00:00-04:00,202.67998220748078,206.00620910456834,201.8709028727957,202.590087890625,43604000,0.0,0.0,AAPL,2025-08-24 17:35:06.310147,yfinance
2025-06-05 00:00:00-04:00,203.26931435006063,204.5178973620389,199.92310578136215,200.40257263183594,55126100,0.0,0.0,AAPL,2025-08-24 17:35:06.310147,yfinance
2025-06-06 00:00:00-04:00,202.76987228695742,205.4668084267123,201.82095228760733,203.68882751464844,46607700,0.0,0.0,AAPL,2025-08-24 17:35:06.310147,yfinance
2025-06-09 00:00:00-04:00,204.15830357568726,205.76647909477697,199.79326227022588,201.2216339111328,72862600,0.0,0.0,AAPL,2025-08-24 17:35:06.310147,yfinance
2025-06-10 00:00:00-04:00,200.3726011094186,204.11835001917973,200.34263633745982,202.44024658203125,54672600,0.0,0.0,AAPL,2025-08-24 17:35:06.310147,yfinance
2025-06-11 00:00:00-04:00,203.26930749599725,204.26817387189894,198.18508130061548,198.55465698242188,60989900,0.0,0.0,AAPL,2025-08-24 17:35:06.310147,yfinance
2025-06-12 00:00:00-04:00,198.85432303920933,199.45363372918547,197.13627162659284,198.97418212890625,43904600,0.0,0.0,AAPL,2025-08-24 17:35:06.310147,yfinance
2025-06-13 00:00:00-04:00,199.50357538920457,200.1428492549886,195.47814514596445,196.227294921875,51447300,0.0,0.0,AAPL,2025-08-24 17:35:06.310147,yfinance
2025-06-16 00:00:00-04:00,197.07634287373045,198.46476655376847,196.33717625414866,198.195068359375,43020700,0.0,0.0,AAPL,2025-08-24 17:35:06.310147,yfinance
2025-06-17 00:00:00-04:00,196.97644196425614,198.16509536417735,194.98870767431248,195.418212890625,38856200,0.0,0.0,AAPL,2025-08-24 17:35:06.310147,yfinance
2025-06-18 00:00:00-04:00,195.71787336797544,197.3460303816964,194.84886452825484,196.35714721679688,45394700,0.0,0.0,AAPL,2025-08-24 17:35:06.310147,yfinance
2025-06-20 00:00:00-04:00,198.01527480684123,201.47134391409438,196.6368343380514,200.7721405029297,96813500,0.0,0.0,AAPL,2025-08-24 17:35:06.310147,yfinance
2025-06-23 00:00:00-04:00,201.40143343464243,202.07067208145295,198.73446202428119,201.27157592773438,55814300,0.0,0.0,AAPL,2025-08-24 17:35:06.310147,yfinance
2025-06-24 00:00:00-04:00,202.36033429336192,203.2093768046809,199.9730442780961,200.07293701171875,54064000,0.0,0.0,AAPL,2025-08-24 17:35:06.310147,yfinance
2025-06-25 00:00:00-04:00,201.2216365357081,203.43912119943792,200.39257558111612,201.33151245117188,39525700,0.0,0.0,AAPL,2025-08-24 17:35:06.310147,yfinance
2025-06-26 00:00:00-04:00,201.20164572639828,202.41028074115465,199.23389299836737,200.7721405029297,50799100,0.0,0.0,AAPL,2025-08-24 17:35:06.310147,yfinance
2025-06-27 00:00:00-04:00,201.66113009938155,202.98962419564972,199.77327327657756,200.85205078125,73188600,0.0,0.0,AAPL,2025-08-24 17:35:06.310147,yfinance
2025-06-30 00:00:00-04:00,201.78098710410558,207.15489297707504,199.0341046248948,204.93740844726562,91912800,0.0,0.0,AAPL,2025-08-24 17:35:06.310147,yfinance
2025-07-01 00:00:00-04:00,206.4357061767528,209.95171998702364,205.90630823197938,207.58441162109375,78788900,0.0,0.0,AAPL,2025-08-24 17:35:06.310147,yfinance
2025-07-02 00:00:00-04:00,208.6731759252599,213.09814660534315,207.9040445567577,212.1991729736328,67941800,0.0,0.0,AAPL,2025-08-24 17:35:06.310147,yfinance
2025-07-03 00:00:00-04:00,211.90950026104147,214.40666625629999,211.56988934364432,213.30792236328125,34955800,0.0,0.0,AAPL,2025-08-24 17:35:06.310147,yfinance
2025-07-07 00:00:00-04:00,212.43889126622693,215.9848699115094,208.56330013289198,209.7119903564453,50229000,0.0,0.0,AAPL,2025-08-24 17:35:06.310147,yfinance
2025-07-08 00:00:00-04:00,209.86183643928914,211.1903153368944,208.213697736729,209.7719268798828,42848900,0.0,0.0,AAPL,2025-08-24 17:35:06.310147,yfinance
2025-07-09 00:00:00-04:00,209.2924745188519,211.09043707809712,206.98509558510867,210.90065002441406,48749400,0.0,0.0,AAPL,2025-08-24 17:35:06.310147,yfinance
2025-07-10 00:00:00-04:00,210.27134950514616,213.23798377907798,209.7918979255535,212.16920471191406,44443600,0.0,0.0,AAPL,2025-08-24 17:35:06.310147,yfinance
2025-07-11 00:00:00-04:00,210.33129628612954,211.88952536572023,209.6220944658076,210.92062377929688,39765800,0.0,0.0,AAPL,2025-08-24 17:35:06.310147,yfinance
2025-07-14 00:00:00-04:00,209.69201166358403,210.67091168904602,207.3047216270235,208.3834991455078,38840100,0.0,0.0,AAPL,2025-08-24 17:35:06.310147,yfinance
2025-07-15 00:00:00-04:00,208.9828312368767,211.64980271899068,208.6831682659836,208.87295532226562,42296300,0.0,0.0,AAPL,2025-08-24 17:35:06.310147,yfinance
2025-07-16 00:00:00-04:00,210.06160887608695,212.1592191902425,208.40348697906978,209.92176818847656,47490500,0.0,0.0,AAPL,2025-08-24 17:35:06.310147,yfinance
2025-07-17 00:00:00-04:00,210.33130094399476,211.5599023237274,209.35240091776063,209.78192138671875,48068100,0.0,0.0,AAPL,2025-08-24 17:35:06.310147,yfinance
2025-07-18 00:00:00-04:00,210.63095139102305,211.54990664350106,209.46227954032304,210.9405975341797,48974600,0.0,0.0,AAPL,2025-08-24 17:35:06.310147,yfinance
2025-07-21 00:00:00-04:00,211.8595616297783,215.53538252867688,211.39009321998003,212.23912048339844,51377400,0.0,0.0,AAPL,2025-08-24 17:35:06.310147,yfinance
2025-07-22 00:00:00-04:00,212.89838571641525,214.7063314773177,211.9894136266437,214.15695190429688,46404100,0.0,0.0,AAPL,2025-08-24 17:35:06.310147,yfinance
2025-07-23 00:00:00-04:00,214.75626907170553,214.90609293027538,212.1692088371252,213.9072265625,46989300,0.0,0.0,AAPL,2025-08-24 17:35:06.310147,yfinance
2025-07-24 00:00:00-04:00,213.65751035981805,215.44548969662856,213.28793468034502,213.51766967773438,46022600,0.0,0.0,AAPL,2025-08-24 17:35:06.310147,yfinance
2025-07-25 00:00:00-04:00,214.45660521718813,214.9960015887686,213.15807589620647,213.63754272460938,40268800,0.0,0.0,AAPL,2025-08-24 17:35:06.310147,yfinance
2025-07-28 00:00:00-04:00,213.78737619229818,214.60645396318566,212.81847455673218,213.80735778808594,37858000,0.0,0.0,AAPL,2025-08-24 17:35:06.310147,yfinance
2025-07-29 00:00:00-04:00,213.93719187335407,214.5664825639156,210.58101550100253,211.03050231933594,51411700,0.0,0.0,AAPL,2025-08-24 17:35:06.310147,yfinance
2025-07-30 00:00:00-04:00,211.65977882345743,212.14922883427738,207.48452469073794,208.81301879882812,45512500,0.0,0.0,AAPL,2025-08-24 17:35:06.310147,yfinance
2025-07-31 00:00:00-04:00,208.25365677749065,209.60211724381097,206.92516266487007,207.33470153808594,80698400,0.0,0.0,AAPL,2025-08-24 17:35:06.310147,yfinance
2025-08-01 00:00:00-04:00,210.63095505795985,213.33788973606855,201.27158167093614,202.1505889892578,104434500,0.0,0.0,AAPL,2025-08-24 17:35:06.310147,yfinance
2025-08-04 00:00:00-04:00,204.27816503495924,207.64435521756303,201.4513712516652,203.11949157714844,75109300,0.0,0.0,AAPL,2025-08-24 17:35:06.310147,yfinance
2025-08-05 00:00:00-04:00,203.1694082424696,205.1072113881769,201.93082373064988,202.68995666503906,44155100,0.0,0.0,AAPL,2025-08-24 17:35:06.310147,yfinance
2025-08-06 00:00:00-04:00,205.39689808550258,215.1358452662651,205.35693489516686,213.0082550048828,108483100,0.0,0.0,AAPL,2025-08-24 17:35:06.310147,yfinance
2025-08-07 00:00:00-04:00,218.63187314031333,220.59964108330854,216.33447747046458,219.7805633544922,90224800,0.0,0.0,AAPL,2025-08-24 17:35:06.310147,yfinance
2025-08-08 00:00:00-04:00,220.57966572513484,230.73813503605493,219.00145500716468,229.0900115966797,113854000,0.0,0.0,AAPL,2025-08-24 17:35:06.310147,yfinance
2025-08-11 00:00:00-04:00,227.9199981689453,229.55999755859375,224.75999450683594,227.17999267578125,61806100,0.26,0.0,AAPL,2025-08-24 17:35:06.310147,yfinance
2025-08-12 00:00:00-04:00,228.00999450683594,230.8000030517578,227.07000732421875,229.64999389648438,55626200,0.0,0.0,AAPL,2025-08-24 17:35:06.310147,yfinance
2025-08-13 00:00:00-04:00,231.07000732421875,235.0,230.42999267578125,233.3300018310547,69878500,0.0,0.0,AAPL,2025-08-24 17:35:06.310147,yfinance
2025-08-14 00:00:00-04:00,234.05999755859375,235.1199951171875,230.85000610351562,232.77999877929688,51916300,0.0,0.0,AAPL,2025-08-24 17:35:06.310147,yfinance
2025-08-15 00:00:00-04:00,234.0,234.27999877929688,229.33999633789062,231.58999633789062,56038700,0.0,0.0,AAPL,2025-08-24 17:35:06.310147,yfinance
2025-08-18 00:00:00-04:00,231.6999969482422,233.1199951171875,230.11000061035156,230.88999938964844,37476200,0.0,0.0,AAPL,2025-08-24 17:35:06.310147,yfinance
2025-08-19 00:00:00-04:00,231.27999877929688,232.8699951171875,229.35000610351562,230.55999755859375,39402600,0.0,0.0,AAPL,2025-08-24 17:35:06.310147,yfinance
2025-08-20 00:00:00-04:00,229.97999572753906,230.47000122070312,225.77000427246094,226.00999450683594,42263900,0.0,0.0,AAPL,2025-08-24 17:35:06.310147,yfinance
2025-08-21 00:00:00-04:00,226.27000427246094,226.52000427246094,223.77999877929688,224.89999389648438,30621200,0.0,0.0,AAPL,2025-08-24 17:35:06.310147,yfinance
2025-08-22 00:00:00-04:00,226.1699981689453,229.08999633789062,225.41000366210938,227.75999450683594,42445300,0.0,0.0,AAPL,2025-08-24 17:35:06.310147,yfinance
2025-02-24 00:00:00-05:00,407.09219625426255,407.9491968592537,397.93408950529806,402.59783935546875,26443700,0.0,0.0,MSFT,2025-08-24 17:35:06.533825,yfinance
2025-02-25 00:00:00-05:00,399.7078876937612,400.5250489764073,395.32316508227535,396.51898193359375,29387400,0.0,0.0,MSFT,2025-08-24 17:35:06.533825,yfinance
2025-02-26 00:00:00-05:00,396.6286198264506,402.1992147309307,392.8816600835235,398.3426513671875,19619000,0.0,0.0,MSFT,2025-08-24 17:35:06.533825,yfinance
2025-02-27 00:00:00-05:00,399.8773203400045,404.33180773998396,390.8089276067015,391.16766357421875,21127400,0.0,0.0,MSFT,2025-08-24 17:35:06.533825,yfinance
2025-02-28 00:00:00-05:00,391.29719366600983,396.24994544118493,385.2283339547379,395.6121520996094,32845700,0.0,0.0,MSFT,2025-08-24 17:35:06.533825,yfinance
2025-03-03 00:00:00-05:00,397.4358274187669,397.4358274187669,384.8197626823639,387.14166259765625,23007700,0.0,0.0,MSFT,2025-08-24 17:35:06.533825,yfinance
2025-03-04 00:00:00-05:00,382.06932141422595,391.21745294280987,379.67765721488945,387.26123046875,29342900,0.0,0.0,MSFT,2025-08-24 17:35:06.533825,yfinance
2025-03-05 00:00:00-05:00,387.9887187604894,400.27594221038044,387.4605594414927,399.628173828125,23433100,0.0,0.0,MSFT,2025-08-24 17:35:06.533825,yfinance
2025-03-06 00:00:00-05:00,392.91158534383527,400.7542663515353,391.3171323240562,395.5125427246094,23304600,0.0,0.0,MSFT,2025-08-24 17:35:06.533825,yfinance
2025-03-07 00:00:00-05:00,390.9583919892802,393.42976525122566,384.20192438386283,391.9449462890625,22034100,0.0,0.0,MSFT,2025-08-24 17:35:06.533825,yfinance
2025-03-10 00:00:00-04:00,384.50088617849997,385.0589401894391,375.9108079261914,378.8406066894531,32840100,0.0,0.0,MSFT,2025-08-24 17:35:06.533825,yfinance
2025-03-11 00:00:00-04:00,377.6845980126396,384.6603029891263,375.60185546191633,379.12957763671875,30380200,0.0,0.0,MSFT,2025-08-24 17:35:06.533825,yfinance
2025-03-12 00:00:00-04:00,381.62092254273574,383.883033194115,377.634805186652,381.9397888183594,24253600,0.0,0.0,MSFT,2025-08-24 17:35:06.533825,yfinance
2025-03-13 00:00:00-04:00,381.8301614244045,383.9826683121219,376.139987768004,377.45538330078125,20473000,0.0,0.0,MSFT,2025-08-24 17:35:06.533825,yfinance
2025-03-14 00:00:00-04:00,378.46189966674945,388.87564310802037,378.19284770158055,387.21142578125,19952800,0.0,0.0,MSFT,2025-08-24 17:35:06.533825,yfinance
2025-03-17 00:00:00-04:00,385.35789354291256,391.3470139725856,384.23181056492524,387.3509521484375,22474300,0.0,0.0,MSFT,2025-08-24 17:35:06.533825,yfinance
2025-03-18 00:00:00-04:00,385.7266010485673,386.02554767204197,379.77731994813644,382.18890380859375,19486900,0.0,0.0,MSFT,2025-08-24 17:35:06.533825,yfinance
2025-03-19 00:00:00-04:00,384.1919687568245,388.32755958105986,382.66728002942375,386.4740295410156,19185500,0.0,0.0,MSFT,2025-08-24 17:35:06.533825,yfinance
2025-03-20 00:00:00-04:00,384.4011872193827,390.4302074924951,381.9497337537801,385.49737548828125,18470500,0.0,0.0,MSFT,2025-08-24 17:35:06.533825,yfinance
2025-03-21 00:00:00-04:00,381.8899648927027,390.38038369901005,381.47140919973003,389.9020690917969,39675900,0.0,0.0,MSFT,2025-08-24 17:35:06.533825,yfinance
2025-03-24 00:00:00-04:00,394.02768406346627,394.02768406346627,388.45708885622673,391.7157287597656,21004500,0.0,0.0,MSFT,2025-08-24 17:35:06.533825,yfinance
2025-03-25 00:00:00-04:00,392.552857032296,394.98436068056907,391.2773006739415,393.7885437011719,15775000,0.0,0.0,MSFT,2025-08-24 17:35:06.533825,yfinance
2025-03-26 00:00:00-04:00,393.6290879777552,393.93800963918454,387.2214116418782,388.6165466308594,16108400,0.0,0.0,MSFT,2025-08-24 17:35:06.533825,yfinance
2025-03-27 00:00:00-04:00,388.7759758195498,390.87863801869304,386.05543991632794,389.2243957519531,13766800,0.0,0.0,MSFT,2025-08-24 17:35:06.533825,yfinance
2025-03-28 00:00:00-04:00,386.7330813092454,387.77945533191945,375.6217855831935,377.48529052734375,21632000,0.0,0.0,MSFT,2025-08-24 17:35:06.533825,yfinance
2025-03-31 00:00:00-04:00,371.2470435423123,375.761320171641,365.96541986866765,374.087158203125,35184700,0.0,0.0,MSFT,2025-08-24 17:35:06.533825,yfinance
2025-04-01 00:00:00-04:00,373.34971607028785,381.52126893067276,371.93466141936483,380.8635559082031,19689500,0.0,0.0,MSFT,2025-08-24 17:35:06.533825,yfinance
2025-04-02 00:00:00-04:00,376.6581801475031,383.74348886180815,375.3128595122782,380.813720703125,16092600,0.0,0.0,MSFT,2025-08-24 17:35:06.533825,yfinance
2025-04-03 00:00:00-04:00,373.4892252977989,376.16989155085776,368.06810346654436,371.8150329589844,30198000,0.0,0.0,MSFT,2025-08-24 17:35:06.533825,yfinance
2025-04-04 00:00:00-04:00,362.86624500843976,373.2899337218873,358.2323895120423,358.59112548828125,49209900,0.0,0.0,MSFT,2025-08-24 17:35:06.533825,yfinance
2025-04-07 00:00:00-04:00,349.66222551139305,369.7123913004176,343.5933653790687,356.61798095703125,50425000,0.0,0.0,MSFT,2025-08-24 17:35:06.533825,yfinance
2025-04-08 00:00:00-04:00,366.98190125867967,372.35317854006513,349.0343982710952,353.3294372558594,35868900,0.0,0.0,MSFT,2025-08-24 17:35:06.533825,yfinance
2025-04-09 00:00:00-04:00,352.3129663406882,391.865215467322,351.8744910293168,389.13470458984375,50199700,0.0,0.0,MSFT,2025-08-24 17:35:06.533825,yfinance
2025-04-10 00:00:00-04:00,380.7339860356081,382.56759631800514,366.5234683324548,380.0264587402344,38024400,0.0,0.0,MSFT,2025-08-24 17:35:06.533825,yfinance
2025-04-11 00:00:00-04:00,379.31894538802237,388.6962597846969,377.57501903009035,387.1018371582031,23839200,0.0,0.0,MSFT,2025-08-24 17:35:06.533825,yfinance
2025-04-14 00:00:00-04:00,391.8552468593249,393.28027643878613,382.8765082652718,386.4640197753906,19251200,0.0,0.0,MSFT,2025-08-24 17:35:06.533825,yfinance
2025-04-15 00:00:00-04:00,387.16161616456134,390.5298901348079,382.82670753665025,384.3912658691406,17199900,0.0,0.0,MSFT,2025-08-24 17:35:06.533825,yfinance
2025-04-16 00:00:00-04:00,379.34883521582236,380.2855448116978,366.72279516422714,370.32025146484375,21967800,0.0,0.0,MSFT,2025-08-24 17:35:06.533825,yfinance
2025-04-17 00:00:00-04:00,372.45282110026085,373.02085009277744,365.61664478749583,366.5035400390625,21120200,0.0,0.0,MSFT,2025-08-24 17:35:06.533825,yfinance
2025-04-21 00:00:00-04:00,361.5607667541322,363.21500903617533,354.43558836453434,357.87359619140625,20807300,0.0,0.0,MSFT,2025-08-24 17:35:06.533825,yfinance
2025-04-22 00:00:00-04:00,362.1188421014038,366.4935901583944,358.611039306251,365.5469055175781,19485000,0.0,0.0,MSFT,2025-08-24 17:35:06.533825,yfinance
2025-04-23 00:00:00-04:00,374.75479353400954,379.06978228856406,371.7253360485286,373.0906066894531,20545500,0.0,0.0,MSFT,2025-08-24 17:35:06.533825,yfinance
2025-04-24 00:00:00-04:00,374.3960646492269,387.10181303671203,373.8878249819962,385.9557800292969,22232300,0.0,0.0,MSFT,2025-08-24 17:35:06.533825,yfinance
2025-04-25 00:00:00-04:00,385.65684745985266,390.79894240871675,383.2651831703409,390.4900207519531,18973200,0.0,0.0,MSFT,2025-08-24 17:35:06.533825,yfinance
2025-04-28 00:00:00-04:00,390.59960994479576,391.3769015704532,385.2980972626593,389.8023986816406,16579400,0.0,0.0,MSFT,2025-08-24 17:35:06.533825,yfinance
2025-04-29 00:00:00-04:00,389.9419132819562,393.7287429695286,389.02512333213684,392.67242431640625,14974000,0.0,0.0,MSFT,2025-08-24 17:35:06.533825,yfinance
2025-04-30 00:00:00-04:00,388.94537633492024,395.2833185411371,383.10572919383554,393.88818359375,36461100,0.0,0.0,MSFT,2025-08-24 17:35:06.533825,yfinance
2025-05-01 00:00:00-04:00,429.6137271918364,435.47332427713997,423.4252888222868,423.9235534667969,58938100,0.0,0.0,MSFT,2025-08-24 17:35:06.533825,yfinance
2025-05-02 00:00:00-04:00,430.2415647531947,437.91485278651635,428.49763841940904,433.769287109375,30757400,0.0,0.0,MSFT,2025-08-24 17:35:06.533825,yfinance
2025-05-05 00:00:00-04:00,431.367624097433,437.97461808249534,430.6102521137275,434.65618896484375,20136100,0.0,0.0,MSFT,2025-08-24 17:35:06.533825,yfinance
2025-05-06 00:00:00-04:00,430.6999888667604,436.2107948487266,429.6735648726689,431.8061218261719,15104200,0.0,0.0,MSFT,2025-08-24 17:35:06.533825,yfinance
2025-05-07 00:00:00-04:00,432.3342674079582,436.5994115910065,429.6137314736212,431.8459777832031,23295300,0.0,0.0,MSFT,2025-08-24 17:35:06.533825,yfinance
2025-05-08 00:00:00-04:00,436.41007376009867,442.1301726837614,434.147963172883,436.6492614746094,23491300,0.0,0.0,MSFT,2025-08-24 17:35:06.533825,yfinance
2025-05-09 00:00:00-04:00,438.47291776294395,439.2103397565405,434.3672216715751,437.20733642578125,15324200,0.0,0.0,MSFT,2025-08-24 17:35:06.533825,yfinance
2025-05-12 00:00:00-04:00,444.3922601902366,447.8103482497994,438.2536363054134,447.70074462890625,22821900,0.0,0.0,MSFT,2025-08-24 17:35:06.533825,yfinance
2025-05-13 00:00:00-04:00,446.22591154405814,449.1058959658508,443.8142971336702,447.5812072753906,23618800,0.0,0.0,MSFT,2025-08-24 17:35:06.533825,yfinance
2025-05-14 00:00:00-04:00,446.5846525094385,452.32464056421765,446.5846525094385,451.36798095703125,19902800,0.0,0.0,MSFT,2025-08-24 17:35:06.533825,yfinance
2025-05-15 00:00:00-04:00,450.0301794411029,455.44129747226026,449.6907411096269,452.3863220214844,21992300,0.83,0.0,MSFT,2025-08-24 17:35:06.533825,yfinance
2025-05-16 00:00:00-04:00,451.30808680840903,453.6142932166669,447.99355872232604,453.5244445800781,23849800,0.0,0.0,MSFT,2025-08-24 17:35:06.533825,yfinance
2025-05-19 00:00:00-04:00,450.14000552921704,458.83570185482216,450.0601197660991,458.11688232421875,21336500,0.0,0.0,MSFT,2025-08-24 17:35:06.533825,yfinance
2025-05-20 00:00:00-04:00,454.8422775622727,457.58776423526933,453.57437286704067,457.4180603027344,15441800,0.0,0.0,MSFT,2025-08-24 17:35:06.533825,yfinance
2025-05-21 00:00:00-04:00,453.8239575485261,457.02868069868646,451.06847756848606,451.8272399902344,19216900,0.0,0.0,MSFT,2025-08-24 17:35:06.533825,yfinance
2025-05-22 00:00:00-04:00,454.2033434579146,459.49463285512667,453.1550484484722,454.11346435546875,18025600,0.0,0.0,MSFT,2025-08-24 17:35:06.533825,yfinance
2025-05-23 00:00:00-04:00,449.24150862772166,452.94541128469075,448.17325738802526,449.441162109375,16883500,0.0,0.0,MSFT,2025-08-24 17:35:06.533825,yfinance
2025-05-27 00:00:00-04:00,455.7308170830738,460.19348195260824,455.3713920868909,459.93389892578125,20974300,0.0,0.0,MSFT,2025-08-24 17:35:06.533825,yfinance
2025-05-28 00:00:00-04:00,460.4630558858422,461.7609101640183,456.1800880198718,456.609375,17086300,0.0,0.0,MSFT,2025-08-24 17:35:06.533825,yfinance
2025-05-29 00:00:00-04:00,460.79250051058557,460.9622349154345,454.56275123248776,457.9272155761719,13974800,0.0,0.0,MSFT,2025-08-24 17:35:06.533825,yfinance
2025-05-30 00:00:00-04:00,458.96549737927586,460.9222720478794,454.79236501090486,459.60443115234375,34770500,0.0,0.0,MSFT,2025-08-24 17:35:06.533825,yfinance
2025-06-02 00:00:00-04:00,456.3897628439735,461.35157690062545,456.1401731404802,461.2118225097656,16626500,0.0,0.0,MSFT,2025-08-24 17:35:06.533825,yfinance
2025-06-03 00:00:00-04:00,460.7126363614999,463.3782677615003,460.1036216507913,462.2101745605469,15743800,0.0,0.0,MSFT,2025-08-24 17:35:06.533825,yfinance
2025-06-04 00:00:00-04:00,463.2384646092932,464.9256933509807,462.2600620562611,463.1086730957031,14162700,0.0,0.0,MSFT,2025-08-24 17:35:06.533825,yfinance
2025-06-05 00:00:00-04:00,464.1968775224098,468.8791825139859,463.26841119380083,466.91241455078125,20131700,0.0,0.0,MSFT,2025-08-24 17:35:06.533825,yfinance
2025-06-06 00:00:00-04:00,469.31846913564885,472.56313512848675,468.0106215882427,469.6080017089844,15285600,0.0,0.0,MSFT,2025-08-24 17:35:06.533825,yfinance
2025-06-09 00:00:00-04:00,468.92913895110996,472.6529977632414,467.8508943889836,471.97412109375,16469900,0.0,0.0,MSFT,2025-08-24 17:35:06.533825,yfinance
2025-06-10 00:00:00-04:00,470.4166711436691,472.02401413852874,466.19360257943936,470.1471252441406,15375900,0.0,0.0,MSFT,2025-08-24 17:35:06.533825,yfinance
2025-06-11 00:00:00-04:00,469.24859086789724,474.68965849935887,468.88919632531986,471.8443298339844,16399200,0.0,0.0,MSFT,2025-08-24 17:35:06.533825,yfinance
2025-06-12 00:00:00-04:00,474.2403884361742,479.6315503555016,472.7428502291372,478.0840759277344,18950600,0.0,0.0,MSFT,2025-08-24 17:35:06.533825,yfinance
2025-06-13 00:00:00-04:00,475.62811338522215,478.3935562569989,471.98410990605987,474.18048095703125,16814500,0.0,0.0,MSFT,2025-08-24 17:35:06.533825,yfinance
2025-06-16 00:00:00-04:00,474.4300645574067,479.90108160832807,474.2204177457221,478.3536376953125,15626100,0.0,0.0,MSFT,2025-08-24 17:35:06.533825,yfinance
2025-06-17 00:00:00-04:00,474.6197503672441,477.9542649832925,473.30190948641297,477.25543212890625,15414100,0.0,0.0,MSFT,2025-08-24 17:35:06.533825,yfinance
2025-06-18 00:00:00-04:00,477.21549881727225,480.2105751696819,473.68130019053103,479.4518127441406,17526500,0.0,0.0,MSFT,2025-08-24 17:35:06.533825,yfinance
2025-06-20 00:00:00-04:00,481.4385756672578,482.666537493529,476.0873566497709,476.6164855957031,37576200,0.0,0.0,MSFT,2025-08-24 17:35:06.533825,yfinance
2025-06-23 00:00:00-04:00,477.425138713905,486.94948990747275,471.7345120072702,485.2023620605469,24864000,0.0,0.0,MSFT,2025-08-24 17:35:06.533825,yfinance
2025-06-24 00:00:00-04:00,488.1475336634371,491.0427680081874,486.0010379300524,489.30560302734375,22305600,0.0,0.0,MSFT,2025-08-24 17:35:06.533825,yfinance
2025-06-25 00:00:00-04:00,491.2324636297239,493.7483167920849,488.58681895090325,491.4620666503906,17495100,0.0,0.0,MSFT,2025-08-24 17:35:06.533825,yfinance
2025-06-26 00:00:00-04:00,492.1709105807123,497.2226034494893,492.0011761864687,496.6335754394531,21578900,0.0,0.0,MSFT,2025-08-24 17:35:06.533825,yfinance
2025-06-27 00:00:00-04:00,496.73341116664807,498.4805390751374,492.22084033701867,495.1260681152344,34539200,0.0,0.0,MSFT,2025-08-24 17:35:06.533825,yfinance
2025-06-30 00:00:00-04:00,496.22427056302723,499.9381665482639,494.51705506439515,496.5936584472656,28369000,0.0,0.0,MSFT,2025-08-24 17:35:06.533825,yfinance
2025-07-01 00:00:00-04:00,495.655190908974,497.2325843953567,490.1742108879921,491.242431640625,19945400,0.0,0.0,MSFT,2025-08-24 17:35:06.533825,yfinance
2025-07-02 00:00:00-04:00,489.1858263089447,492.69007550131784,487.8979653734086,490.2840270996094,16319600,0.0,0.0,MSFT,2025-08-24 17:35:06.533825,yfinance
2025-07-03 00:00:00-04:00,492.99955771280014,499.3091926553608,492.6301698307581,498.02130126953125,13984800,0.0,0.0,MSFT,2025-08-24 17:35:06.533825,yfinance
2025-07-07 00:00:00-04:00,496.56369887519327,497.9314455400232,494.41723357438383,496.90313720703125,13981600,0.0,0.0,MSFT,2025-08-24 17:35:06.533825,yfinance
2025-07-08 00:00:00-04:00,496.42390920841734,497.3823555722493,493.2990413573122,495.804931640625,11846600,0.0,0.0,MSFT,2025-08-24 17:35:06.533825,yfinance
2025-07-09 00:00:00-04:00,499.47890106455674,505.94827712953634,498.919822567675,502.68365478515625,18659500,0.0,0.0,MSFT,2025-08-24 17:35:06.533825,yfinance
2025-07-10 00:00:00-04:00,502.22438258392543,503.6121159415126,496.93309312638246,500.656982421875,16492100,0.0,0.0,MSFT,2025-08-24 17:35:06.533825,yfinance
2025-07-11 00:00:00-04:00,497.6519112557523,504.20114253320645,496.9829974553982,502.49395751953125,16459500,0.0,0.0,MSFT,2025-08-24 17:35:06.533825,yfinance
2025-07-14 00:00:00-04:00,500.6968893054946,503.14288052756655,500.20770324807717,502.1944274902344,12058800,0.0,0.0,MSFT,2025-08-24 17:35:06.533825,yfinance
2025-07-15 00:00:00-04:00,502.19441482497484,507.465747883617,501.9648118083004,504.9898376464844,14927200,0.0,0.0,MSFT,2025-08-24 17:35:06.533825,yfinance
2025-07-16 00:00:00-04:00,504.35088083250554,505.88836188358,501.06630238508603,504.7901611328125,15154400,0.0,0.0,MSFT,2025-08-24 17:35:06.533825,yfinance
2025-07-17 00:00:00-04:00,504.85005963085433,512.5274410723513,504.7901605415637,510.8601989746094,17503100,0.0,0.0,MSFT,2025-08-24 17:35:06.533825,yfinance
2025-07-18 00:00:00-04:00,513.6356127696338,513.7953843002441,506.59719545986655,509.212890625,21209700,0.0,0.0,MSFT,2025-08-24 17:35:06.533825,yfinance
2025-07-21 00:00:00-04:00,505.8783619126309,511.24956741731427,504.7202620876888,509.2228698730469,14066800,0.0,0.0,MSFT,2025-08-24 17:35:06.533825,yfinance
2025-07-22 00:00:00-04:00,510.13139215337156,510.3610256433726,504.44073486328125,504.44073486328125,13868600,0.0,0.0,MSFT,2025-08-24 17:35:06.533825,yfinance
2025-07-23 00:00:00-04:00,505.9183250285286,505.95826791167354,499.87826643817476,505.0397644042969,16396600,0.0,0.0,MSFT,2025-08-24 17:35:06.533825,yfinance
2025-07-24 00:00:00-04:00,507.93498157135946,512.826933461713,506.4673929575042,510.0415344238281,16107000,0.0,0.0,MSFT,2025-08-24 17:35:06.533825,yfinance
2025-07-25 00:00:00-04:00,511.6289272082179,517.4393829887753,509.52240467312413,512.866943359375,19125700,0.0,0.0,MSFT,2025-08-24 17:35:06.533825,yfinance
2025-07-28 00:00:00-04:00,513.2362984451797,514.1547714605564,509.2827757416266,511.65887451171875,14308000,0.0,0.0,MSFT,2025-08-24 17:35:06.533825,yfinance
2025-07-29 00:00:00-04:00,514.6839236482208,516.7704593446111,510.7204076628311,511.728759765625,16469200,0.0,0.0,MSFT,2025-08-24 17:35:06.533825,yfinance
2025-07-30 00:00:00-04:00,514.3244691518986,515.1032182392812,508.6038929137552,512.3976440429688,26380400,0.0,0.0,MSFT,2025-08-24 17:35:06.533825,yfinance
2025-07-31 00:00:00-04:00,554.3187056451394,554.5383762548963,531.0270400328567,532.6243896484375,51617300,0.0,0.0,MSFT,2025-08-24 17:35:06.533825,yfinance
2025-08-01 00:00:00-04:00,534.1219588686084,534.9206337229102,520.0051507892547,523.2498168945312,28977600,0.0,0.0,MSFT,2025-08-24 17:35:06.533825,yfinance
2025-08-04 00:00:00-04:00,527.4030257699867,537.3666271513684,527.2632409127965,534.7609252929688,25349000,0.0,0.0,MSFT,2025-08-24 17:35:06.533825,yfinance
2025-08-05 00:00:00-04:00,536.2983661514853,536.4181643311854,526.374677366439,526.8838500976562,19171600,0.0,0.0,MSFT,2025-08-24 17:35:06.533825,yfinance
2025-08-06 00:00:00-04:00,530.0287318260303,530.8274067099719,523.1700114791388,524.0784912109375,21355700,0.0,0.0,MSFT,2025-08-24 17:35:06.533825,yfinance
2025-08-07 00:00:00-04:00,525.9354090023164,527.2233308658066,516.7005900083886,519.9852294921875,16079100,0.0,0.0,MSFT,2025-08-24 17:35:06.533825,yfinance
2025-08-08 00:00:00-04:00,521.7423060527517,523.7989228282858,518.5575389118288,521.1832275390625,15531000,0.0,0.0,MSFT,2025-08-24 17:35:06.533825,yfinance
2025-08-11 00:00:00-04:00,521.4427947726738,526.7241518809952,518.8670119786243,520.9136962890625,20194400,0.0,0.0,MSFT,2025-08-24 17:35:06.533825,yfinance
2025-08-12 00:00:00-04:00,522.8904188907295,530.1085334795151,521.8421543429575,528.3713989257812,18667000,0.0,0.0,MSFT,2025-08-24 17:35:06.533825,yfinance
2025-08-13 00:00:00-04:00,531.236692379076,531.825750889051,518.5176108745642,519.7256469726562,19619200,0.0,0.0,MSFT,2025-08-24 17:35:06.533825,yfinance
2025-08-14 00:00:00-04:00,521.7023833261101,525.0868343553949,519.2863720398742,521.6224975585938,20269100,0.0,0.0,MSFT,2025-08-24 17:35:06.533825,yfinance
2025-08-15 00:00:00-04:00,521.9120536418995,525.2365445998882,518.2281072023833,519.3162841796875,25213300,0.0,0.0,MSFT,2025-08-24 17:35:06.533825,yfinance
2025-08-18 00:00:00-04:00,520.7339636806648,521.9619254356152,513.176380682391,516.2512817382812,23760600,0.0,0.0,MSFT,2025-08-24 17:35:06.533825,yfinance
2025-08-19 00:00:00-04:00,514.1547770514178,514.314487646487,507.7153506663982,508.933349609375,21481000,0.0,0.0,MSFT,2025-08-24 17:35:06.533825,yfinance
2025-08-20 00:00:00-04:00,509.0331975839143,510.161347905157,503.6121166003689,504.8900146484375,27723000,0.0,0.0,MSFT,2025-08-24 17:35:06.533825,yfinance
2025-08-21 00:00:00-04:00,503.69000244140625,507.6300048828125,502.7200012207031,504.239990234375,18443300,0.83,0.0,MSFT,2025-08-24 17:35:06.533825,yfinance
2025-08-22 00:00:00-04:00,504.25,510.7300109863281,502.4100036621094,507.2300109863281,24309100,0.0,0.0,MSFT,2025-08-24 17:35:06.533825,yfinance
2025-02-24 00:00:00-05:00,181.56084516562646,182.68817010091686,178.4681493516575,178.82730102539062,29854200,0.0,0.0,GOOGL,2025-08-24 17:35:06.670054,yfinance
2025-02-25 00:00:00-05:00,177.620149186563,178.3185106633885,174.27805810561316,175.00633239746094,41913400,0.0,0.0,GOOGL,2025-08-24 17:35:06.670054,yfinance
2025-02-26 00:00:00-05:00,174.6571711800562,175.66478399830825,171.1753955398117,172.3226776123047,35431300,0.0,0.0,GOOGL,2025-08-24 17:35:06.670054,yfinance
2025-02-27 00:00:00-05:00,173.5797206760448,174.14836864650957,167.54398410119538,168.1026611328125,39991000,0.0,0.0,GOOGL,2025-08-24 17:35:06.670054,yfinance
2025-02-28 00:00:00-05:00,168.28221547961908,170.2076721148171,166.37673116608275,169.87844848632812,48130600,0.0,0.0,GOOGL,2025-08-24 17:35:06.670054,yfinance
2025-03-03 00:00:00-05:00,171.52456139173032,172.96116813684316,165.53871010229818,166.6161651611328,40770500,0.0,0.0,GOOGL,2025-08-24 17:35:06.670054,yfinance
2025-03-04 00:00:00-05:00,165.84799570787212,172.88135895735127,165.40903083418053,170.51695251464844,45388000,0.0,0.0,GOOGL,2025-08-24 17:35:06.670054,yfinance
2025-03-05 00:00:00-05:00,170.11789485258495,173.370201847885,168.66133103361582,172.61199951171875,30954900,0.0,0.0,GOOGL,2025-08-24 17:35:06.670054,yfinance
2025-03-06 00:00:00-05:00,170.1278575868108,174.39776333951255,170.09792955016897,171.94357299804688,28302000,0.0,0.0,GOOGL,2025-08-24 17:35:06.670054,yfinance
2025-03-07 00:00:00-05:00,170.8561523451318,174.55741062282402,169.86849657186352,173.4500274658203,27385800,0.0,0.0,GOOGL,2025-08-24 17:35:06.670054,yfinance
2025-03-10 00:00:00-04:00,168.05654311824674,168.25631348073628,163.49207685373173,165.66943359375,43604000,0.2,0.0,GOOGL,2025-08-24 17:35:06.670054,yfinance
2025-03-11 00:00:00-04:00,164.71060268982163,166.5483741956788,161.17487454711969,163.84164428710938,39587400,0.0,0.0,GOOGL,2025-08-24 17:35:06.670054,yfinance
2025-03-12 00:00:00-04:00,166.37858578107983,167.43730167009207,163.33227056435828,166.90794372558594,28372400,0.0,0.0,GOOGL,2025-08-24 17:35:06.670054,yfinance
2025-03-13 00:00:00-04:00,165.8392348472833,165.92913761122173,161.91399391340872,162.56320190429688,31756200,0.0,0.0,GOOGL,2025-08-24 17:35:06.670054,yfinance
2025-03-14 00:00:00-04:00,163.07258484755664,166.28869257421587,162.25356904272374,165.28990173339844,31995900,0.0,0.0,GOOGL,2025-08-24 17:35:06.670054,yfinance
2025-03-17 00:00:00-04:00,164.83044981365524,166.0989184378049,163.47209367229158,164.09133911132812,31184300,0.0,0.0,GOOGL,2025-08-24 17:35:06.670054,yfinance
2025-03-18 00:00:00-04:00,163.48207822407835,164.05139632119491,156.5305024761992,160.47572326660156,42074800,0.0,0.0,GOOGL,2025-08-24 17:35:06.670054,yfinance
2025-03-19 00:00:00-04:00,161.56440408660148,165.6694351323274,160.8053285192439,163.69183349609375,34275600,0.0,0.0,GOOGL,2025-08-24 17:35:06.670054,yfinance
2025-03-20 00:00:00-04:00,161.37464096618422,164.6906185813501,160.76537795311089,162.6031494140625,28138500,0.0,0.0,GOOGL,2025-08-24 17:35:06.670054,yfinance
2025-03-21 00:00:00-04:00,161.01508017617863,164.04141524263727,160.69545978774022,163.79171752929688,36625800,0.0,0.0,GOOGL,2025-08-24 17:35:06.670054,yfinance
2025-03-24 00:00:00-04:00,166.86800133324036,168.11648994593173,164.94032699026835,167.4772491455078,30879100,0.0,0.0,GOOGL,2025-08-24 17:35:06.670054,yfinance
2025-03-25 00:00:00-04:00,168.775668441695,170.42368243836484,168.1164780833655,170.353759765625,24174400,0.0,0.0,GOOGL,2025-08-24 17:35:06.670054,yfinance
2025-03-26 00:00:00-04:00,168.79565092149923,169.40491393976436,164.64067739498105,164.86041259765625,28901600,0.0,0.0,GOOGL,2025-08-24 17:35:06.670054,yfinance
2025-03-27 00:00:00-04:00,164.43094810403895,165.21998619662182,161.8041232023028,162.04383850097656,24508300,0.0,0.0,GOOGL,2025-08-24 17:35:06.670054,yfinance
2025-03-28 00:00:00-04:00,160.29595772818402,161.62435145983125,153.44425151462127,154.14340209960938,48669300,0.0,0.0,GOOGL,2025-08-24 17:35:06.670054,yfinance
2025-03-31 00:00:00-04:00,152.9248693898488,155.3519238675497,150.47783482762614,154.45301818847656,54603500,0.0,0.0,GOOGL,2025-08-24 17:35:06.670054,yfinance
2025-04-01 00:00:00-04:00,153.43424066067087,157.9088345005831,153.43424066067087,156.8800811767578,30672900,0.0,0.0,GOOGL,2025-08-24 17:35:06.670054,yfinance
2025-04-02 00:00:00-04:00,154.9623987635517,158.21846678254826,154.51294591611935,156.85011291503906,25041700,0.0,0.0,GOOGL,2025-08-24 17:35:06.670054,yfinance
2025-04-03 00:00:00-04:00,150.92729334389097,152.59527231622977,150.20816267744866,150.5377655029297,46883400,0.0,0.0,GOOGL,2025-08-24 17:35:06.670054,yfinance
2025-04-04 00:00:00-04:00,147.83102450056057,150.8873372265073,145.20421499461688,145.4239501953125,62259500,0.0,0.0,GOOGL,2025-08-24 17:35:06.670054,yfinance
2025-04-07 00:00:00-04:00,141.37884623013926,152.66518575265,140.3600753076292,146.5725555419922,76794100,0.0,0.0,GOOGL,2025-08-24 17:35:06.670054,yfinance
2025-04-08 00:00:00-04:00,151.0371605852081,152.05593156691467,142.85706070456766,144.52503967285156,52200200,0.0,0.0,GOOGL,2025-08-24 17:35:06.670054,yfinance
2025-04-09 00:00:00-04:00,144.24536764564118,159.3570775505851,143.73598981661124,158.51809692382812,70406200,0.0,0.0,GOOGL,2025-08-24 17:35:06.670054,yfinance
2025-04-10 00:00:00-04:00,156.35071129003578,157.5292924054746,149.74870323215254,152.63522338867188,48022000,0.0,0.0,GOOGL,2025-08-24 17:35:06.670054,yfinance
2025-04-11 00:00:00-04:00,152.71511816628092,157.47935489094493,152.63522830805417,156.9499969482422,33636200,0.0,0.0,GOOGL,2025-08-24 17:35:06.670054,yfinance
2025-04-14 00:00:00-04:00,159.80653847762434,161.52445998548595,157.3694863273863,158.87767028808594,30333000,0.0,0.0,GOOGL,2025-08-24 17:35:06.670054,yfinance
2025-04-15 00:00:00-04:00,158.93759983361085,159.4569601254283,155.02234135810752,156.12100219726562,27551500,0.0,0.0,GOOGL,2025-08-24 17:35:06.670054,yfinance
2025-04-16 00:00:00-04:00,152.91488990871326,155.70150975970526,151.326800825977,153.1446075439453,28187400,0.0,0.0,GOOGL,2025-08-24 17:35:06.670054,yfinance
2025-04-17 00:00:00-04:00,154.10343899442373,154.49296683009544,148.32044647401452,150.97723388671875,33046600,0.0,0.0,GOOGL,2025-08-24 17:35:06.670054,yfinance
2025-04-21 00:00:00-04:00,148.69998342759925,148.76989086061988,145.9233461435289,147.49143981933594,26049100,0.0,0.0,GOOGL,2025-08-24 17:35:06.670054,yfinance
2025-04-22 00:00:00-04:00,148.70996777577147,152.0059806006662,148.360384885124,151.28684997558594,26971800,0.0,0.0,GOOGL,2025-08-24 17:35:06.670054,yfinance
2025-04-23 00:00:00-04:00,155.42185055428513,157.3395272287139,153.62402390940207,155.16217041015625,31128800,0.0,0.0,GOOGL,2025-08-24 17:35:06.670054,yfinance
2025-04-24 00:00:00-04:00,155.96118216578617,159.39702506290834,155.60161685700967,159.08740234375,45894000,0.0,0.0,GOOGL,2025-08-24 17:35:06.670054,yfinance
2025-04-25 00:00:00-04:00,164.8704156189098,165.89916899199292,160.84527440652565,161.76417541503906,56034000,0.0,0.0,GOOGL,2025-08-24 17:35:06.670054,yfinance
2025-04-28 00:00:00-04:00,162.2335934576757,162.9527241022343,158.40823784275827,160.41580200195312,29745800,0.0,0.0,GOOGL,2025-08-24 17:35:06.670054,yfinance
2025-04-29 00:00:00-04:00,160.12616457196697,160.54565492156792,157.32954700095436,159.9663543701172,26809000,0.0,0.0,GOOGL,2025-08-24 17:35:06.670054,yfinance
2025-04-30 00:00:00-04:00,157.78897065630795,159.07741935833297,155.2120884925965,158.6079864501953,34981100,0.0,0.0,GOOGL,2025-08-24 17:35:06.670054,yfinance
2025-05-01 00:00:00-04:00,160.255986901565,161.7541731584952,158.7178557168657,161.10496520996094,30203200,0.0,0.0,GOOGL,2025-08-24 17:35:06.670054,yfinance
2025-05-02 00:00:00-04:00,163.21241957712974,164.77053089446972,161.6742731041275,163.8316650390625,25715000,0.0,0.0,GOOGL,2025-08-24 17:35:06.670054,yfinance
2025-05-05 00:00:00-04:00,162.80291566353057,165.19002528971967,162.52325543253818,164.01145935058594,21341800,0.0,0.0,GOOGL,2025-08-24 17:35:06.670054,yfinance
2025-05-06 00:00:00-04:00,161.97390744721895,164.60073221310822,160.99509669884785,163.03262329101562,21277200,0.0,0.0,GOOGL,2025-08-24 17:35:06.670054,yfinance
2025-05-07 00:00:00-04:00,163.88160091924024,164.8004866523399,147.6612323828153,151.19696044921875,127490100,0.0,0.0,GOOGL,2025-08-24 17:35:06.670054,yfinance
2025-05-08 00:00:00-04:00,154.81259075606965,155.74145898524296,152.715123752916,154.0934600830078,57498700,0.0,0.0,GOOGL,2025-08-24 17:35:06.670054,yfinance
2025-05-09 00:00:00-04:00,153.98358884442797,154.86252969975314,152.01596958260927,152.5653076171875,32435300,0.0,0.0,GOOGL,2025-08-24 17:35:06.670054,yfinance
2025-05-12 00:00:00-04:00,157.2995737723926,158.90762762310243,156.06106765297667,158.26840209960938,44138800,0.0,0.0,GOOGL,2025-08-24 17:35:06.670054,yfinance
2025-05-13 00:00:00-04:00,158.59798647987657,160.37584814800852,155.97117700529293,159.33709716796875,42382100,0.0,0.0,GOOGL,2025-08-24 17:35:06.670054,yfinance
2025-05-14 00:00:00-04:00,159.7665968345665,166.7980779664445,159.4170139283214,165.1700439453125,48755900,0.0,0.0,GOOGL,2025-08-24 17:35:06.670054,yfinance
2025-05-15 00:00:00-04:00,165.63946564247587,166.00902860866202,162.1736602838883,163.76174926757812,33146700,0.0,0.0,GOOGL,2025-08-24 17:35:06.670054,yfinance
2025-05-16 00:00:00-04:00,167.52719070383273,169.14524229932235,165.4197413290067,165.9890594482422,42846900,0.0,0.0,GOOGL,2025-08-24 17:35:06.670054,yfinance
2025-05-19 00:00:00-04:00,164.311078821177,166.43850822896752,164.02143617765117,166.338623046875,30426100,0.0,0.0,GOOGL,2025-08-24 17:35:06.670054,yfinance
2025-05-20 00:00:00-04:00,166.22875761227516,168.2962620339302,162.7030270512069,163.78172302246094,46607700,0.0,0.0,GOOGL,2025-08-24 17:35:06.670054,yfinance
2025-05-21 00:00:00-04:00,163.49207927319333,172.93064990762463,163.36223158372133,168.35618591308594,73416000,0.0,0.0,GOOGL,2025-08-24 17:35:06.670054,yfinance
2025-05-22 00:00:00-04:00,171.6422171391164,176.55626639163424,170.50359615670786,170.66339111328125,74864400,0.0,0.0,GOOGL,2025-08-24 17:35:06.670054,yfinance
2025-05-23 00:00:00-04:00,168.85557933287677,169.7545002456487,167.68699586257836,168.26629638671875,35211400,0.0,0.0,GOOGL,2025-08-24 17:35:06.670054,yfinance
2025-05-27 00:00:00-04:00,169.9542560308247,172.9606110264557,169.79444583588602,172.69093322753906,37995700,0.0,0.0,GOOGL,2025-08-24 17:35:06.670054,yfinance
2025-05-28 00:00:00-04:00,172.95063181853965,175.0580811773991,171.70214322301487,172.15159606933594,34784000,0.0,0.0,GOOGL,2025-08-24 17:35:06.670054,yfinance
2025-05-29 00:00:00-04:00,173.78960291012612,174.20909322624098,170.42368271917738,171.65219116210938,29317300,0.0,0.0,GOOGL,2025-08-24 17:35:06.670054,yfinance
2025-05-30 00:00:00-04:00,171.14282080509608,172.0017815585655,167.23754486546525,171.5323486328125,52639900,0.0,0.0,GOOGL,2025-08-24 17:35:06.670054,yfinance
2025-06-02 00:00:00-04:00,167.637058963566,169.66460324672883,167.18760611208933,168.82562255859375,38612300,0.0,0.0,GOOGL,2025-08-24 17:35:06.670054,yfinance
2025-06-03 00:00:00-04:00,167.28749382619188,168.276287066322,165.08015922486254,165.97906494140625,45084900,0.0,0.0,GOOGL,2025-08-24 17:35:06.670054,yfinance
2025-06-04 00:00:00-04:00,166.53838821108508,168.01659436979696,166.15884281939123,167.8468017578125,26900800,0.0,0.0,GOOGL,2025-08-24 17:35:06.670054,yfinance
2025-06-05 00:00:00-04:00,170.1340365467451,170.72331951416996,167.3873615992156,168.00662231445312,36379100,0.0,0.0,GOOGL,2025-08-24 17:35:06.670054,yfinance
2025-06-06 00:00:00-04:00,170.6234412090639,174.2890017669552,170.6234412090639,173.46998596191406,35731800,0.0,0.0,GOOGL,2025-08-24 17:35:06.670054,yfinance
2025-06-09 00:00:00-04:00,174.5399932861328,176.47000122070312,174.3699951171875,176.08999633789062,28935900,0.21,0.0,GOOGL,2025-08-24 17:35:06.670054,yfinance
2025-06-10 00:00:00-04:00,176.1999969482422,181.11000061035156,174.91000366210938,178.60000610351562,61766100,0.0,0.0,GOOGL,2025-08-24 17:35:06.670054,yfinance
2025-06-11 00:00:00-04:00,179.77000427246094,180.3699951171875,176.75,177.35000610351562,31646800,0.0,0.0,GOOGL,2025-08-24 17:35:06.670054,yfinance
2025-06-12 00:00:00-04:00,176.17999267578125,176.72000122070312,174.75,175.6999969482422,20941900,0.0,0.0,GOOGL,2025-08-24 17:35:06.670054,yfinance
2025-06-13 00:00:00-04:00,172.44000244140625,177.1300048828125,172.38999938964844,174.6699981689453,27663100,0.0,0.0,GOOGL,2025-08-24 17:35:06.670054,yfinance
2025-06-16 00:00:00-04:00,174.72999572753906,176.94000244140625,174.64999389648438,176.77000427246094,27389200,0.0,0.0,GOOGL,2025-08-24 17:35:06.670054,yfinance
2025-06-17 00:00:00-04:00,175.6999969482422,177.36000061035156,174.5800018310547,175.9499969482422,24973000,0.0,0.0,GOOGL,2025-08-24 17:35:06.670054,yfinance
2025-06-18 00:00:00-04:00,176.00999450683594,176.55999755859375,173.1999969482422,173.32000732421875,28707500,0.0,0.0,GOOGL,2025-08-24 17:35:06.670054,yfinance
2025-06-20 00:00:00-04:00,173.9499969482422,174.33999633789062,165.4600067138672,166.63999938964844,75659900,0.0,0.0,GOOGL,2025-08-24 17:35:06.670054,yfinance
2025-06-23 00:00:00-04:00,166.27000427246094,167.33999633789062,162.0,165.19000244140625,57671000,0.0,0.0,GOOGL,2025-08-24 17:35:06.670054,yfinance
2025-06-24 00:00:00-04:00,166.9199981689453,168.22000122070312,166.1300048828125,166.77000427246094,40524300,0.0,0.0,GOOGL,2025-08-24 17:35:06.670054,yfinance
2025-06-25 00:00:00-04:00,167.6300048828125,172.36000061035156,167.5500030517578,170.67999267578125,35479000,0.0,0.0,GOOGL,2025-08-24 17:35:06.670054,yfinance
2025-06-26 00:00:00-04:00,172.42999267578125,173.69000244140625,169.94000244140625,173.5399932861328,31796700,0.0,0.0,GOOGL,2025-08-24 17:35:06.670054,yfinance
2025-06-27 00:00:00-04:00,173.5399932861328,178.67999267578125,171.72999572753906,178.52999877929688,108140200,0.0,0.0,GOOGL,2025-08-24 17:35:06.670054,yfinance
2025-06-30 00:00:00-04:00,180.77999877929688,181.22999572753906,174.5800018310547,176.22999572753906,63378900,0.0,0.0,GOOGL,2025-08-24 17:35:06.670054,yfinance
2025-07-01 00:00:00-04:00,175.74000549316406,176.08999633789062,173.52999877929688,175.83999633789062,35904500,0.0,0.0,GOOGL,2025-08-24 17:35:06.670054,yfinance
2025-07-02 00:00:00-04:00,175.5399932861328,178.86000061035156,175.07000732421875,178.63999938964844,29128900,0.0,0.0,GOOGL,2025-08-24 17:35:06.670054,yfinance
2025-07-03 00:00:00-04:00,178.5,179.6699981689453,177.0500030517578,179.52999877929688,21689700,0.0,0.0,GOOGL,2025-08-24 17:35:06.670054,yfinance
2025-07-07 00:00:00-04:00,179.05999755859375,179.3000030517578,175.67999267578125,176.7899932861328,34175600,0.0,0.0,GOOGL,2025-08-24 17:35:06.670054,yfinance
2025-07-08 00:00:00-04:00,177.85000610351562,177.9499969482422,172.80999755859375,174.36000061035156,40442500,0.0,0.0,GOOGL,2025-08-24 17:35:06.670054,yfinance
2025-07-09 00:00:00-04:00,175.25,179.44000244140625,172.77000427246094,176.6199951171875,43025600,0.0,0.0,GOOGL,2025-08-24 17:35:06.670054,yfinance
2025-07-10 00:00:00-04:00,175.6300048828125,178.42999267578125,174.3800048828125,177.6199951171875,29252400,0.0,0.0,GOOGL,2025-08-24 17:35:06.670054,yfinance
2025-07-11 00:00:00-04:00,176.7899932861328,181.42999267578125,176.47999572753906,180.19000244140625,34282900,0.0,0.0,GOOGL,2025-08-24 17:35:06.670054,yfinance
2025-07-14 00:00:00-04:00,181.00999450683594,183.6699981689453,179.67999267578125,181.55999755859375,32536600,0.0,0.0,GOOGL,2025-08-24 17:35:06.670054,yfinance
2025-07-15 00:00:00-04:00,182.80999755859375,184.22000122070312,181.60000610351562,182.0,33448300,0.0,0.0,GOOGL,2025-08-24 17:35:06.670054,yfinance
2025-07-16 00:00:00-04:00,183.24000549316406,184.3300018310547,182.02999877929688,182.97000122070312,33104200,0.0,0.0,GOOGL,2025-08-24 17:35:06.670054,yfinance
2025-07-17 00:00:00-04:00,182.13999938964844,184.05999755859375,180.47999572753906,183.5800018310547,31992600,0.0,0.0,GOOGL,2025-08-24 17:35:06.670054,yfinance
2025-07-18 00:00:00-04:00,185.39999389648438,186.4199981689453,183.7100067138672,185.05999755859375,34014500,0.0,0.0,GOOGL,2025-08-24 17:35:06.670054,yfinance
2025-07-21 00:00:00-04:00,186.25,190.2899932861328,186.14999389648438,190.10000610351562,45803100,0.0,0.0,GOOGL,2025-08-24 17:35:06.670054,yfinance
2025-07-22 00:00:00-04:00,191.5,191.64999389648438,187.4600067138672,191.33999633789062,44660200,0.0,0.0,GOOGL,2025-08-24 17:35:06.670054,yfinance
2025-07-23 00:00:00-04:00,191.5,192.52999877929688,189.17999267578125,190.22999572753906,58681900,0.0,0.0,GOOGL,2025-08-24 17:35:06.670054,yfinance
2025-07-24 00:00:00-04:00,197.02999877929688,197.9499969482422,191.0,192.1699981689453,74881700,0.0,0.0,GOOGL,2025-08-24 17:35:06.670054,yfinance
2025-07-25 00:00:00-04:00,191.97999572753906,194.3300018310547,191.25999450683594,193.17999267578125,39785900,0.0,0.0,GOOGL,2025-08-24 17:35:06.670054,yfinance
2025-07-28 00:00:00-04:00,193.64999389648438,194.0500030517578,190.83999633789062,192.5800018310547,38139500,0.0,0.0,GOOGL,2025-08-24 17:35:06.670054,yfinance
2025-07-29 00:00:00-04:00,192.42999267578125,195.9199981689453,192.0800018310547,195.75,41389200,0.0,0.0,GOOGL,2025-08-24 17:35:06.670054,yfinance
2025-07-30 00:00:00-04:00,195.60000610351562,197.60000610351562,194.69000244140625,196.52999877929688,32445400,0.0,0.0,GOOGL,2025-08-24 17:35:06.670054,yfinance
2025-07-31 00:00:00-04:00,195.7100067138672,195.99000549316406,191.08999633789062,191.89999389648438,51329200,0.0,0.0,GOOGL,2025-08-24 17:35:06.670054,yfinance
2025-08-01 00:00:00-04:00,189.02999877929688,190.8300018310547,187.82000732421875,189.1300048828125,34832200,0.0,0.0,GOOGL,2025-08-24 17:35:06.670054,yfinance
2025-08-04 00:00:00-04:00,190.2899932861328,195.27000427246094,190.1199951171875,195.0399932861328,31547400,0.0,0.0,GOOGL,2025-08-24 17:35:06.670054,yfinance
2025-08-05 00:00:00-04:00,194.7100067138672,197.86000061035156,193.88999938964844,194.6699981689453,31602300,0.0,0.0,GOOGL,2025-08-24 17:35:06.670054,yfinance
2025-08-06 00:00:00-04:00,194.5,196.6300048828125,193.6699981689453,196.08999633789062,21562900,0.0,0.0,GOOGL,2025-08-24 17:35:06.670054,yfinance
2025-08-07 00:00:00-04:00,197.05999755859375,197.5399932861328,194.3300018310547,196.52000427246094,26321800,0.0,0.0,GOOGL,2025-08-24 17:35:06.670054,yfinance
2025-08-08 00:00:00-04:00,197.22000122070312,202.61000061035156,197.1699981689453,201.4199981689453,39161800,0.0,0.0,GOOGL,2025-08-24 17:35:06.670054,yfinance
2025-08-11 00:00:00-04:00,200.94000244140625,201.47999572753906,199.07000732421875,201.0,25832400,0.0,0.0,GOOGL,2025-08-24 17:35:06.670054,yfinance
2025-08-12 00:00:00-04:00,201.3699951171875,204.5,200.58999633789062,203.33999633789062,30397900,0.0,0.0,GOOGL,2025-08-24 17:35:06.670054,yfinance
2025-08-13 00:00:00-04:00,204.1300048828125,204.52999877929688,197.50999450683594,201.9600067138672,28342900,0.0,0.0,GOOGL,2025-08-24 17:35:06.670054,yfinance
2025-08-14 00:00:00-04:00,201.5,204.44000244140625,201.22999572753906,202.94000244140625,25230400,0.0,0.0,GOOGL,2025-08-24 17:35:06.670054,yfinance
2025-08-15 00:00:00-04:00,203.85000610351562,206.44000244140625,201.27999877929688,203.89999389648438,34931400,0.0,0.0,GOOGL,2025-08-24 17:35:06.670054,yfinance
2025-08-18 00:00:00-04:00,204.1999969482422,205.27000427246094,202.49000549316406,203.5,18526600,0.0,0.0,GOOGL,2025-08-24 17:35:06.670054,yfinance
2025-08-19 00:00:00-04:00,203.02999877929688,203.44000244140625,199.9600067138672,201.57000732421875,24240200,0.0,0.0,GOOGL,2025-08-24 17:35:06.670054,yfinance
2025-08-20 00:00:00-04:00,200.72999572753906,201.27999877929688,196.60000610351562,199.32000732421875,28955500,0.0,0.0,GOOGL,2025-08-24 17:35:06.670054,yfinance
2025-08-21 00:00:00-04:00,199.75,202.47999572753906,199.42999267578125,199.75,19774600,0.0,0.0,GOOGL,2025-08-24 17:35:06.670054,yfinance
2025-08-22 00:00:00-04:00,202.72999572753906,208.5399932861328,201.3000030517578,206.08999633789062,42782300,0.0,0.0,GOOGL,2025-08-24 17:35:06.670054,yfinance
2025-02-24 00:00:00-05:00,217.4499969482422,217.72000122070312,212.4199981689453,212.7100067138672,42387600,0.0,0.0,AMZN,2025-08-24 17:35:06.804467,yfinance
2025-02-25 00:00:00-05:00,211.6300048828125,213.33999633789062,204.16000366210938,212.8000030517578,58958000,0.0,0.0,AMZN,2025-08-24 17:35:06.804467,yfinance
2025-02-26 00:00:00-05:00,214.94000244140625,218.16000366210938,213.08999633789062,214.35000610351562,39120600,0.0,0.0,AMZN,2025-08-24 17:35:06.804467,yfinance
2025-02-27 00:00:00-05:00,218.35000610351562,219.97000122070312,208.3699951171875,208.74000549316406,40548600,0.0,0.0,AMZN,2025-08-24 17:35:06.804467,yfinance
2025-02-28 00:00:00-05:00,208.64999389648438,212.6199951171875,206.99000549316406,212.27999877929688,51771700,0.0,0.0,AMZN,2025-08-24 17:35:06.804467,yfinance
2025-03-03 00:00:00-05:00,213.35000610351562,214.00999450683594,202.5500030517578,205.02000427246094,42948400,0.0,0.0,AMZN,2025-08-24 17:35:06.804467,yfinance
2025-03-04 00:00:00-05:00,200.11000061035156,206.8000030517578,197.42999267578125,203.8000030517578,60853100,0.0,0.0,AMZN,2025-08-24 17:35:06.804467,yfinance
2025-03-05 00:00:00-05:00,204.8000030517578,209.97999572753906,203.25999450683594,208.36000061035156,38610100,0.0,0.0,AMZN,2025-08-24 17:35:06.804467,yfinance
2025-03-06 00:00:00-05:00,204.39999389648438,205.77000427246094,198.3000030517578,200.6999969482422,49863800,0.0,0.0,AMZN,2025-08-24 17:35:06.804467,yfinance
2025-03-07 00:00:00-05:00,199.49000549316406,202.27000427246094,192.52999877929688,199.25,59802800,0.0,0.0,AMZN,2025-08-24 17:35:06.804467,yfinance
2025-03-10 00:00:00-04:00,195.60000610351562,196.72999572753906,190.85000610351562,194.5399932861328,62350900,0.0,0.0,AMZN,2025-08-24 17:35:06.804467,yfinance
2025-03-11 00:00:00-04:00,193.89999389648438,200.17999267578125,193.39999389648438,196.58999633789062,54002900,0.0,0.0,AMZN,2025-08-24 17:35:06.804467,yfinance
2025-03-12 00:00:00-04:00,200.72000122070312,201.52000427246094,195.2899932861328,198.88999938964844,43679300,0.0,0.0,AMZN,2025-08-24 17:35:06.804467,yfinance
2025-03-13 00:00:00-04:00,198.1699981689453,198.8800048828125,191.82000732421875,193.88999938964844,41270800,0.0,0.0,AMZN,2025-08-24 17:35:06.804467,yfinance
2025-03-14 00:00:00-04:00,197.41000366210938,198.64999389648438,195.32000732421875,197.9499969482422,38096700,0.0,0.0,AMZN,2025-08-24 17:35:06.804467,yfinance
2025-03-17 00:00:00-04:00,198.77000427246094,199.0,194.32000732421875,195.74000549316406,47341800,0.0,0.0,AMZN,2025-08-24 17:35:06.804467,yfinance
2025-03-18 00:00:00-04:00,192.52000427246094,194.0,189.3800048828125,192.82000732421875,40414900,0.0,0.0,AMZN,2025-08-24 17:35:06.804467,yfinance
2025-03-19 00:00:00-04:00,193.3800048828125,195.97000122070312,191.9600067138672,195.5399932861328,39442900,0.0,0.0,AMZN,2025-08-24 17:35:06.804467,yfinance
2025-03-20 00:00:00-04:00,193.07000732421875,199.32000732421875,192.3000030517578,194.9499969482422,38921100,0.0,0.0,AMZN,2025-08-24 17:35:06.804467,yfinance
2025-03-21 00:00:00-04:00,192.89999389648438,196.99000549316406,192.52000427246094,196.2100067138672,60056900,0.0,0.0,AMZN,2025-08-24 17:35:06.804467,yfinance
2025-03-24 00:00:00-04:00,200.0,203.63999938964844,199.9499969482422,203.25999450683594,41625400,0.0,0.0,AMZN,2025-08-24 17:35:06.804467,yfinance
2025-03-25 00:00:00-04:00,203.60000610351562,206.2100067138672,203.22000122070312,205.7100067138672,31171200,0.0,0.0,AMZN,2025-08-24 17:35:06.804467,yfinance
2025-03-26 00:00:00-04:00,205.83999633789062,206.00999450683594,199.92999267578125,201.1300048828125,32855300,0.0,0.0,AMZN,2025-08-24 17:35:06.804467,yfinance
2025-03-27 00:00:00-04:00,200.88999938964844,203.7899932861328,199.27999877929688,201.36000061035156,27317700,0.0,0.0,AMZN,2025-08-24 17:35:06.804467,yfinance
2025-03-28 00:00:00-04:00,198.4199981689453,199.25999450683594,191.8800048828125,192.72000122070312,52548200,0.0,0.0,AMZN,2025-08-24 17:35:06.804467,yfinance
2025-03-31 00:00:00-04:00,188.19000244140625,191.3300018310547,184.39999389648438,190.25999450683594,63547600,0.0,0.0,AMZN,2025-08-24 17:35:06.804467,yfinance
2025-04-01 00:00:00-04:00,187.86000061035156,193.92999267578125,187.1999969482422,192.1699981689453,41267300,0.0,0.0,AMZN,2025-08-24 17:35:06.804467,yfinance
2025-04-02 00:00:00-04:00,187.66000366210938,198.33999633789062,187.66000366210938,196.00999450683594,53679200,0.0,0.0,AMZN,2025-08-24 17:35:06.804467,yfinance
2025-04-03 00:00:00-04:00,183.0,184.1300048828125,176.9199981689453,178.41000366210938,95553600,0.0,0.0,AMZN,2025-08-24 17:35:06.804467,yfinance
2025-04-04 00:00:00-04:00,167.14999389648438,178.13999938964844,166.0,171.0,123159400,0.0,0.0,AMZN,2025-08-24 17:35:06.804467,yfinance
2025-04-07 00:00:00-04:00,162.0,183.41000366210938,161.3800048828125,175.25999450683594,109327100,0.0,0.0,AMZN,2025-08-24 17:35:06.804467,yfinance
2025-04-08 00:00:00-04:00,185.22999572753906,185.89999389648438,168.57000732421875,170.66000366210938,87710400,0.0,0.0,AMZN,2025-08-24 17:35:06.804467,yfinance
2025-04-09 00:00:00-04:00,172.1199951171875,192.64999389648438,169.92999267578125,191.10000610351562,116804300,0.0,0.0,AMZN,2025-08-24 17:35:06.804467,yfinance
2025-04-10 00:00:00-04:00,185.44000244140625,186.8699951171875,175.85000610351562,181.22000122070312,68302000,0.0,0.0,AMZN,2025-08-24 17:35:06.804467,yfinance
2025-04-11 00:00:00-04:00,179.92999267578125,185.86000061035156,178.0,184.8699951171875,50594300,0.0,0.0,AMZN,2025-08-24 17:35:06.804467,yfinance
2025-04-14 00:00:00-04:00,186.83999633789062,187.44000244140625,179.22999572753906,182.1199951171875,48002500,0.0,0.0,AMZN,2025-08-24 17:35:06.804467,yfinance
2025-04-15 00:00:00-04:00,181.41000366210938,182.35000610351562,177.92999267578125,179.58999633789062,43642000,0.0,0.0,AMZN,2025-08-24 17:35:06.804467,yfinance
2025-04-16 00:00:00-04:00,176.2899932861328,179.10000610351562,171.41000366210938,174.3300018310547,51875300,0.0,0.0,AMZN,2025-08-24 17:35:06.804467,yfinance
2025-04-17 00:00:00-04:00,176.0,176.2100067138672,172.0,172.61000061035156,44726500,0.0,0.0,AMZN,2025-08-24 17:35:06.804467,yfinance
2025-04-21 00:00:00-04:00,169.60000610351562,169.60000610351562,165.2899932861328,167.32000732421875,48126100,0.0,0.0,AMZN,2025-08-24 17:35:06.804467,yfinance
2025-04-22 00:00:00-04:00,169.85000610351562,176.77999877929688,169.35000610351562,173.17999267578125,56607200,0.0,0.0,AMZN,2025-08-24 17:35:06.804467,yfinance
2025-04-23 00:00:00-04:00,183.4499969482422,187.3800048828125,180.19000244140625,180.60000610351562,63470100,0.0,0.0,AMZN,2025-08-24 17:35:06.804467,yfinance
2025-04-24 00:00:00-04:00,180.9199981689453,186.74000549316406,180.17999267578125,186.5399932861328,43763200,0.0,0.0,AMZN,2025-08-24 17:35:06.804467,yfinance
2025-04-25 00:00:00-04:00,187.6199951171875,189.94000244140625,185.49000549316406,188.99000549316406,36414300,0.0,0.0,AMZN,2025-08-24 17:35:06.804467,yfinance
2025-04-28 00:00:00-04:00,190.11000061035156,190.22000122070312,184.88999938964844,187.6999969482422,33224700,0.0,0.0,AMZN,2025-08-24 17:35:06.804467,yfinance
2025-04-29 00:00:00-04:00,183.99000549316406,188.02000427246094,183.67999267578125,187.38999938964844,41667300,0.0,0.0,AMZN,2025-08-24 17:35:06.804467,yfinance
2025-04-30 00:00:00-04:00,182.1699981689453,185.0500030517578,178.85000610351562,184.4199981689453,55176500,0.0,0.0,AMZN,2025-08-24 17:35:06.804467,yfinance
2025-05-01 00:00:00-04:00,190.6300048828125,191.80999755859375,187.5,190.1999969482422,74266000,0.0,0.0,AMZN,2025-08-24 17:35:06.804467,yfinance
2025-05-02 00:00:00-04:00,191.44000244140625,192.8800048828125,186.39999389648438,189.97999572753906,77903500,0.0,0.0,AMZN,2025-08-24 17:35:06.804467,yfinance
2025-05-05 00:00:00-04:00,186.50999450683594,188.17999267578125,185.52999877929688,186.35000610351562,35217500,0.0,0.0,AMZN,2025-08-24 17:35:06.804467,yfinance
2025-05-06 00:00:00-04:00,184.57000732421875,187.92999267578125,183.85000610351562,185.00999450683594,29314100,0.0,0.0,AMZN,2025-08-24 17:35:06.804467,yfinance
2025-05-07 00:00:00-04:00,185.55999755859375,190.99000549316406,185.00999450683594,188.7100067138672,43948600,0.0,0.0,AMZN,2025-08-24 17:35:06.804467,yfinance
2025-05-08 00:00:00-04:00,191.42999267578125,194.3300018310547,188.82000732421875,192.0800018310547,41043600,0.0,0.0,AMZN,2025-08-24 17:35:06.804467,yfinance
2025-05-09 00:00:00-04:00,193.3800048828125,194.69000244140625,191.16000366210938,193.05999755859375,29663100,0.0,0.0,AMZN,2025-08-24 17:35:06.804467,yfinance
2025-05-12 00:00:00-04:00,210.7100067138672,211.66000366210938,205.75,208.63999938964844,75205000,0.0,0.0,AMZN,2025-08-24 17:35:06.804467,yfinance
2025-05-13 00:00:00-04:00,211.0800018310547,214.83999633789062,210.10000610351562,211.3699951171875,56193700,0.0,0.0,AMZN,2025-08-24 17:35:06.804467,yfinance
2025-05-14 00:00:00-04:00,211.4499969482422,211.92999267578125,208.85000610351562,210.25,38492100,0.0,0.0,AMZN,2025-08-24 17:35:06.804467,yfinance
2025-05-15 00:00:00-04:00,206.4499969482422,206.8800048828125,202.6699981689453,205.1699981689453,64347300,0.0,0.0,AMZN,2025-08-24 17:35:06.804467,yfinance
2025-05-16 00:00:00-04:00,206.85000610351562,206.85000610351562,204.3699951171875,205.58999633789062,43318500,0.0,0.0,AMZN,2025-08-24 17:35:06.804467,yfinance
2025-05-19 00:00:00-04:00,201.64999389648438,206.6199951171875,201.25999450683594,206.16000366210938,34314800,0.0,0.0,AMZN,2025-08-24 17:35:06.804467,yfinance
2025-05-20 00:00:00-04:00,204.6300048828125,205.58999633789062,202.64999389648438,204.07000732421875,29470400,0.0,0.0,AMZN,2025-08-24 17:35:06.804467,yfinance
2025-05-21 00:00:00-04:00,201.61000061035156,203.4600067138672,200.05999755859375,201.1199951171875,42460900,0.0,0.0,AMZN,2025-08-24 17:35:06.804467,yfinance
2025-05-22 00:00:00-04:00,201.3800048828125,205.75999450683594,200.16000366210938,203.10000610351562,38938900,0.0,0.0,AMZN,2025-08-24 17:35:06.804467,yfinance
2025-05-23 00:00:00-04:00,198.89999389648438,202.3699951171875,197.85000610351562,200.99000549316406,33393500,0.0,0.0,AMZN,2025-08-24 17:35:06.804467,yfinance
2025-05-27 00:00:00-04:00,203.08999633789062,206.69000244140625,202.19000244140625,206.02000427246094,34892000,0.0,0.0,AMZN,2025-08-24 17:35:06.804467,yfinance
2025-05-28 00:00:00-04:00,205.9199981689453,207.66000366210938,204.41000366210938,204.72000122070312,28549800,0.0,0.0,AMZN,2025-08-24 17:35:06.804467,yfinance
2025-05-29 00:00:00-04:00,208.02999877929688,208.80999755859375,204.22999572753906,205.6999969482422,34650000,0.0,0.0,AMZN,2025-08-24 17:35:06.804467,yfinance
2025-05-30 00:00:00-04:00,204.83999633789062,205.99000549316406,201.6999969482422,205.00999450683594,51679400,0.0,0.0,AMZN,2025-08-24 17:35:06.804467,yfinance
2025-06-02 00:00:00-04:00,204.97999572753906,207.0,202.67999267578125,206.64999389648438,29113300,0.0,0.0,AMZN,2025-08-24 17:35:06.804467,yfinance
2025-06-03 00:00:00-04:00,207.11000061035156,208.9499969482422,205.02999877929688,205.7100067138672,33139100,0.0,0.0,AMZN,2025-08-24 17:35:06.804467,yfinance
2025-06-04 00:00:00-04:00,206.5500030517578,208.17999267578125,205.17999267578125,207.22999572753906,29915600,0.0,0.0,AMZN,2025-08-24 17:35:06.804467,yfinance
2025-06-05 00:00:00-04:00,209.5500030517578,212.80999755859375,207.55999755859375,207.91000366210938,51864200,0.0,0.0,AMZN,2025-08-24 17:35:06.804467,yfinance
2025-06-06 00:00:00-04:00,212.39999389648438,213.8699951171875,210.5,213.57000732421875,39832500,0.0,0.0,AMZN,2025-08-24 17:35:06.804467,yfinance
2025-06-09 00:00:00-04:00,214.75,217.85000610351562,212.8800048828125,216.97999572753906,38102500,0.0,0.0,AMZN,2025-08-24 17:35:06.804467,yfinance
2025-06-10 00:00:00-04:00,216.77999877929688,217.69000244140625,214.14999389648438,217.61000061035156,31303300,0.0,0.0,AMZN,2025-08-24 17:35:06.804467,yfinance
2025-06-11 00:00:00-04:00,217.41000366210938,218.39999389648438,212.88999938964844,213.1999969482422,39326000,0.0,0.0,AMZN,2025-08-24 17:35:06.804467,yfinance
2025-06-12 00:00:00-04:00,211.77999877929688,213.5800018310547,211.3300018310547,213.24000549316406,27640000,0.0,0.0,AMZN,2025-08-24 17:35:06.804467,yfinance
2025-06-13 00:00:00-04:00,209.9600067138672,214.0500030517578,209.6199951171875,212.10000610351562,29337800,0.0,0.0,AMZN,2025-08-24 17:35:06.804467,yfinance
2025-06-16 00:00:00-04:00,212.30999755859375,217.05999755859375,211.60000610351562,216.10000610351562,33284200,0.0,0.0,AMZN,2025-08-24 17:35:06.804467,yfinance
2025-06-17 00:00:00-04:00,215.1999969482422,217.41000366210938,214.55999755859375,214.82000732421875,32086300,0.0,0.0,AMZN,2025-08-24 17:35:06.804467,yfinance
2025-06-18 00:00:00-04:00,215.08999633789062,217.9600067138672,212.33999633789062,212.52000427246094,44360500,0.0,0.0,AMZN,2025-08-24 17:35:06.804467,yfinance
2025-06-20 00:00:00-04:00,214.67999267578125,214.88999938964844,208.27000427246094,209.69000244140625,75350700,0.0,0.0,AMZN,2025-08-24 17:35:06.804467,yfinance
2025-06-23 00:00:00-04:00,209.7899932861328,210.38999938964844,207.30999755859375,208.47000122070312,37311700,0.0,0.0,AMZN,2025-08-24 17:35:06.804467,yfinance
2025-06-24 00:00:00-04:00,212.13999938964844,214.33999633789062,211.0500030517578,212.77000427246094,38378800,0.0,0.0,AMZN,2025-08-24 17:35:06.804467,yfinance
2025-06-25 00:00:00-04:00,214.6199951171875,216.02999877929688,211.11000061035156,211.99000549316406,31755700,0.0,0.0,AMZN,2025-08-24 17:35:06.804467,yfinance
2025-06-26 00:00:00-04:00,213.1199951171875,218.0399932861328,212.00999450683594,217.1199951171875,50480800,0.0,0.0,AMZN,2025-08-24 17:35:06.804467,yfinance
2025-06-27 00:00:00-04:00,219.9199981689453,223.3000030517578,216.74000549316406,223.3000030517578,119217100,0.0,0.0,AMZN,2025-08-24 17:35:06.804467,yfinance
2025-06-30 00:00:00-04:00,223.52000427246094,223.82000732421875,219.1199951171875,219.38999938964844,58887800,0.0,0.0,AMZN,2025-08-24 17:35:06.804467,yfinance
2025-07-01 00:00:00-04:00,219.5,221.8800048828125,217.92999267578125,220.4600067138672,39256800,0.0,0.0,AMZN,2025-08-24 17:35:06.804467,yfinance
2025-07-02 00:00:00-04:00,219.72999572753906,221.60000610351562,219.05999755859375,219.9199981689453,30894200,0.0,0.0,AMZN,2025-08-24 17:35:06.804467,yfinance
2025-07-03 00:00:00-04:00,221.82000732421875,224.00999450683594,221.36000061035156,223.41000366210938,29632400,0.0,0.0,AMZN,2025-08-24 17:35:06.804467,yfinance
2025-07-07 00:00:00-04:00,223.0,224.2899932861328,222.3699951171875,223.47000122070312,36604100,0.0,0.0,AMZN,2025-08-24 17:35:06.804467,yfinance
2025-07-08 00:00:00-04:00,223.9199981689453,224.0,218.42999267578125,219.36000061035156,45692000,0.0,0.0,AMZN,2025-08-24 17:35:06.804467,yfinance
2025-07-09 00:00:00-04:00,221.07000732421875,224.2899932861328,220.47000122070312,222.5399932861328,38155100,0.0,0.0,AMZN,2025-08-24 17:35:06.804467,yfinance
2025-07-10 00:00:00-04:00,221.5500030517578,222.7899932861328,219.6999969482422,222.25999450683594,30370600,0.0,0.0,AMZN,2025-08-24 17:35:06.804467,yfinance
2025-07-11 00:00:00-04:00,223.5800018310547,226.67999267578125,222.3699951171875,225.02000427246094,50518300,0.0,0.0,AMZN,2025-08-24 17:35:06.804467,yfinance
2025-07-14 00:00:00-04:00,225.07000732421875,226.66000366210938,224.24000549316406,225.69000244140625,35702600,0.0,0.0,AMZN,2025-08-24 17:35:06.804467,yfinance
2025-07-15 00:00:00-04:00,226.1999969482422,227.27000427246094,225.4600067138672,226.35000610351562,34907300,0.0,0.0,AMZN,2025-08-24 17:35:06.804467,yfinance
2025-07-16 00:00:00-04:00,225.8800048828125,226.10000610351562,222.17999267578125,223.19000244140625,39535900,0.0,0.0,AMZN,2025-08-24 17:35:06.804467,yfinance
2025-07-17 00:00:00-04:00,223.32000732421875,224.5,222.50999450683594,223.8800048828125,31855800,0.0,0.0,AMZN,2025-08-24 17:35:06.804467,yfinance
2025-07-18 00:00:00-04:00,225.13999938964844,226.39999389648438,222.97999572753906,226.1300048828125,37833800,0.0,0.0,AMZN,2025-08-24 17:35:06.804467,yfinance
2025-07-21 00:00:00-04:00,225.83999633789062,229.69000244140625,225.64999389648438,229.3000030517578,40297600,0.0,0.0,AMZN,2025-08-24 17:35:06.804467,yfinance
2025-07-22 00:00:00-04:00,229.67999267578125,230.0,226.35000610351562,227.47000122070312,37483700,0.0,0.0,AMZN,2025-08-24 17:35:06.804467,yfinance
2025-07-23 00:00:00-04:00,228.47000122070312,228.7899932861328,227.08999633789062,228.2899932861328,28294900,0.0,0.0,AMZN,2025-08-24 17:35:06.804467,yfinance
2025-07-24 00:00:00-04:00,229.1699981689453,236.0,228.63999938964844,232.22999572753906,42902300,0.0,0.0,AMZN,2025-08-24 17:35:06.804467,yfinance
2025-07-25 00:00:00-04:00,232.22000122070312,232.47999572753906,231.17999267578125,231.44000244140625,28712100,0.0,0.0,AMZN,2025-08-24 17:35:06.804467,yfinance
2025-07-28 00:00:00-04:00,233.35000610351562,234.2899932861328,232.25,232.7899932861328,26300100,0.0,0.0,AMZN,2025-08-24 17:35:06.804467,yfinance
2025-07-29 00:00:00-04:00,234.14999389648438,234.72000122070312,230.30999755859375,231.00999450683594,33716200,0.0,0.0,AMZN,2025-08-24 17:35:06.804467,yfinance
2025-07-30 00:00:00-04:00,231.63999938964844,231.8000030517578,229.2899932861328,230.19000244140625,32993300,0.0,0.0,AMZN,2025-08-24 17:35:06.804467,yfinance
2025-07-31 00:00:00-04:00,235.77000427246094,236.52999877929688,231.39999389648438,234.11000061035156,104357300,0.0,0.0,AMZN,2025-08-24 17:35:06.804467,yfinance
2025-08-01 00:00:00-04:00,217.2100067138672,220.44000244140625,212.8000030517578,214.75,122258800,0.0,0.0,AMZN,2025-08-24 17:35:06.804467,yfinance
2025-08-04 00:00:00-04:00,217.39999389648438,217.44000244140625,211.4199981689453,211.64999389648438,77890100,0.0,0.0,AMZN,2025-08-24 17:35:06.804467,yfinance
2025-08-05 00:00:00-04:00,213.0500030517578,216.3000030517578,212.8699951171875,213.75,51505100,0.0,0.0,AMZN,2025-08-24 17:35:06.804467,yfinance
2025-08-06 00:00:00-04:00,214.6999969482422,222.64999389648438,213.74000549316406,222.30999755859375,54823000,0.0,0.0,AMZN,2025-08-24 17:35:06.804467,yfinance
2025-08-07 00:00:00-04:00,221.0,226.22000122070312,220.82000732421875,223.1300048828125,40603500,0.0,0.0,AMZN,2025-08-24 17:35:06.804467,yfinance
2025-08-08 00:00:00-04:00,223.13999938964844,223.8000030517578,221.8800048828125,222.69000244140625,32970500,0.0,0.0,AMZN,2025-08-24 17:35:06.804467,yfinance
2025-08-11 00:00:00-04:00,221.77999877929688,223.0500030517578,220.39999389648438,221.3000030517578,31646200,0.0,0.0,AMZN,2025-08-24 17:35:06.804467,yfinance
2025-08-12 00:00:00-04:00,222.22999572753906,223.5,219.0500030517578,221.47000122070312,37185800,0.0,0.0,AMZN,2025-08-24 17:35:06.804467,yfinance
2025-08-13 00:00:00-04:00,222.0,224.9199981689453,222.0,224.55999755859375,36508300,0.0,0.0,AMZN,2025-08-24 17:35:06.804467,yfinance
2025-08-14 00:00:00-04:00,227.39999389648438,233.11000061035156,227.02000427246094,230.97999572753906,61545800,0.0,0.0,AMZN,2025-08-24 17:35:06.804467,yfinance
2025-08-15 00:00:00-04:00,232.5800018310547,234.0800018310547,229.80999755859375,231.02999877929688,39649200,0.0,0.0,AMZN,2025-08-24 17:35:06.804467,yfinance
2025-08-18 00:00:00-04:00,230.22999572753906,231.91000366210938,228.3300018310547,231.49000549316406,25248900,0.0,0.0,AMZN,2025-08-24 17:35:06.804467,yfinance
2025-08-19 00:00:00-04:00,230.08999633789062,230.52999877929688,227.1199951171875,228.00999450683594,29891000,0.0,0.0,AMZN,2025-08-24 17:35:06.804467,yfinance
2025-08-20 00:00:00-04:00,227.1199951171875,227.27000427246094,220.9199981689453,223.80999755859375,36604300,0.0,0.0,AMZN,2025-08-24 17:35:06.804467,yfinance
2025-08-21 00:00:00-04:00,222.64999389648438,222.77999877929688,220.5,221.9499969482422,32140500,0.0,0.0,AMZN,2025-08-24 17:35:06.804467,yfinance
2025-08-22 00:00:00-04:00,222.7899932861328,229.13999938964844,220.82000732421875,228.83999633789062,37274600,0.0,0.0,AMZN,2025-08-24 17:35:06.804467,yfinance
2025-02-24 00:00:00-05:00,338.1400146484375,342.3999938964844,324.70001220703125,330.5299987792969,76052300,0.0,0.0,TSLA,2025-08-24 17:35:06.919777,yfinance
2025-02-25 00:00:00-05:00,327.0199890136719,328.8900146484375,297.25,302.79998779296875,134228800,0.0,0.0,TSLA,2025-08-24 17:35:06.919777,yfinance
2025-02-26 00:00:00-05:00,303.7099914550781,309.0,288.0400085449219,290.79998779296875,100118300,0.0,0.0,TSLA,2025-08-24 17:35:06.919777,yfinance
2025-02-27 00:00:00-05:00,291.1600036621094,297.2300109863281,280.8800048828125,281.95001220703125,101748200,0.0,0.0,TSLA,2025-08-24 17:35:06.919777,yfinance
2025-02-28 00:00:00-05:00,279.5,293.8800048828125,273.6000061035156,292.9800109863281,115697000,0.0,0.0,TSLA,2025-08-24 17:35:06.919777,yfinance
2025-03-03 00:00:00-05:00,300.3399963378906,303.94000244140625,277.29998779296875,284.6499938964844,115551400,0.0,0.0,TSLA,2025-08-24 17:35:06.919777,yfinance
2025-03-04 00:00:00-05:00,270.92999267578125,284.3500061035156,261.8399963378906,272.0400085449219,126706600,0.0,0.0,TSLA,2025-08-24 17:35:06.919777,yfinance
2025-03-05 00:00:00-05:00,272.9200134277344,279.54998779296875,267.7099914550781,279.1000061035156,94042900,0.0,0.0,TSLA,2025-08-24 17:35:06.919777,yfinance
2025-03-06 00:00:00-05:00,272.05999755859375,272.6499938964844,260.0199890136719,263.45001220703125,98451600,0.0,0.0,TSLA,2025-08-24 17:35:06.919777,yfinance
2025-03-07 00:00:00-05:00,259.32000732421875,266.25,250.72999572753906,262.6700134277344,102369600,0.0,0.0,TSLA,2025-08-24 17:35:06.919777,yfinance
2025-03-10 00:00:00-04:00,252.5399932861328,253.3699951171875,220.0,222.14999389648438,189076900,0.0,0.0,TSLA,2025-08-24 17:35:06.919777,yfinance
2025-03-11 00:00:00-04:00,225.30999755859375,237.05999755859375,217.02000427246094,230.5800018310547,174896400,0.0,0.0,TSLA,2025-08-24 17:35:06.919777,yfinance
2025-03-12 00:00:00-04:00,247.22000122070312,251.83999633789062,241.10000610351562,248.08999633789062,142215700,0.0,0.0,TSLA,2025-08-24 17:35:06.919777,yfinance
2025-03-13 00:00:00-04:00,248.1300048828125,248.2899932861328,232.60000610351562,240.67999267578125,114813500,0.0,0.0,TSLA,2025-08-24 17:35:06.919777,yfinance
2025-03-14 00:00:00-04:00,247.30999755859375,251.5800018310547,240.72999572753906,249.97999572753906,100242300,0.0,0.0,TSLA,2025-08-24 17:35:06.919777,yfinance
2025-03-17 00:00:00-04:00,245.05999755859375,245.39999389648438,232.8000030517578,238.00999450683594,111900600,0.0,0.0,TSLA,2025-08-24 17:35:06.919777,yfinance
2025-03-18 00:00:00-04:00,228.16000366210938,230.10000610351562,222.27999877929688,225.30999755859375,111477600,0.0,0.0,TSLA,2025-08-24 17:35:06.919777,yfinance
2025-03-19 00:00:00-04:00,231.61000061035156,241.41000366210938,229.1999969482422,235.86000061035156,111993800,0.0,0.0,TSLA,2025-08-24 17:35:06.919777,yfinance
2025-03-20 00:00:00-04:00,233.35000610351562,238.0,230.0500030517578,236.25999450683594,99028300,0.0,0.0,TSLA,2025-08-24 17:35:06.919777,yfinance
2025-03-21 00:00:00-04:00,234.99000549316406,249.52000427246094,234.5500030517578,248.7100067138672,132728700,0.0,0.0,TSLA,2025-08-24 17:35:06.919777,yfinance
2025-03-24 00:00:00-04:00,258.0799865722656,278.6400146484375,256.3299865722656,278.3900146484375,169079900,0.0,0.0,TSLA,2025-08-24 17:35:06.919777,yfinance
2025-03-25 00:00:00-04:00,283.6000061035156,288.20001220703125,271.2799987792969,288.1400146484375,150361500,0.0,0.0,TSLA,2025-08-24 17:35:06.919777,yfinance
2025-03-26 00:00:00-04:00,282.6600036621094,284.8999938964844,266.510009765625,272.05999755859375,153629800,0.0,0.0,TSLA,2025-08-24 17:35:06.919777,yfinance
2025-03-27 00:00:00-04:00,272.4800109863281,291.8500061035156,271.82000732421875,273.1300048828125,162572100,0.0,0.0,TSLA,2025-08-24 17:35:06.919777,yfinance
2025-03-28 00:00:00-04:00,275.5799865722656,276.1000061035156,260.57000732421875,263.54998779296875,123809400,0.0,0.0,TSLA,2025-08-24 17:35:06.919777,yfinance
2025-03-31 00:00:00-04:00,249.30999755859375,260.55999755859375,243.36000061035156,259.1600036621094,134008900,0.0,0.0,TSLA,2025-08-24 17:35:06.919777,yfinance
2025-04-01 00:00:00-04:00,263.79998779296875,277.45001220703125,259.25,268.4599914550781,146486900,0.0,0.0,TSLA,2025-08-24 17:35:06.919777,yfinance
2025-04-02 00:00:00-04:00,254.60000610351562,284.989990234375,251.27000427246094,282.760009765625,212787800,0.0,0.0,TSLA,2025-08-24 17:35:06.919777,yfinance
2025-04-03 00:00:00-04:00,265.2900085449219,276.29998779296875,261.510009765625,267.2799987792969,136174300,0.0,0.0,TSLA,2025-08-24 17:35:06.919777,yfinance
2025-04-04 00:00:00-04:00,255.3800048828125,261.0,236.0,239.42999267578125,181229400,0.0,0.0,TSLA,2025-08-24 17:35:06.919777,yfinance
2025-04-07 00:00:00-04:00,223.77999877929688,252.0,214.25,233.2899932861328,183453800,0.0,0.0,TSLA,2025-08-24 17:35:06.919777,yfinance
2025-04-08 00:00:00-04:00,245.0,250.44000244140625,217.8000030517578,221.86000061035156,171603500,0.0,0.0,TSLA,2025-08-24 17:35:06.919777,yfinance
2025-04-09 00:00:00-04:00,224.69000244140625,274.69000244140625,223.8800048828125,272.20001220703125,219433400,0.0,0.0,TSLA,2025-08-24 17:35:06.919777,yfinance
2025-04-10 00:00:00-04:00,260.0,262.489990234375,239.3300018310547,252.39999389648438,181722600,0.0,0.0,TSLA,2025-08-24 17:35:06.919777,yfinance
2025-04-11 00:00:00-04:00,251.83999633789062,257.739990234375,241.36000061035156,252.30999755859375,128948100,0.0,0.0,TSLA,2025-08-24 17:35:06.919777,yfinance
2025-04-14 00:00:00-04:00,258.3599853515625,261.79998779296875,245.92999267578125,252.35000610351562,100135200,0.0,0.0,TSLA,2025-08-24 17:35:06.919777,yfinance
2025-04-15 00:00:00-04:00,249.91000366210938,258.75,247.5399932861328,254.11000061035156,79594300,0.0,0.0,TSLA,2025-08-24 17:35:06.919777,yfinance
2025-04-16 00:00:00-04:00,247.61000061035156,251.97000122070312,233.88999938964844,241.5500030517578,112378700,0.0,0.0,TSLA,2025-08-24 17:35:06.919777,yfinance
2025-04-17 00:00:00-04:00,243.47000122070312,244.33999633789062,237.67999267578125,241.3699951171875,83404800,0.0,0.0,TSLA,2025-08-24 17:35:06.919777,yfinance
2025-04-21 00:00:00-04:00,230.25999450683594,232.2100067138672,222.7899932861328,227.5,97768000,0.0,0.0,TSLA,2025-08-24 17:35:06.919777,yfinance
2025-04-22 00:00:00-04:00,230.9600067138672,242.7899932861328,229.85000610351562,237.97000122070312,120858500,0.0,0.0,TSLA,2025-08-24 17:35:06.919777,yfinance
2025-04-23 00:00:00-04:00,254.86000061035156,259.45001220703125,244.42999267578125,250.74000549316406,150381900,0.0,0.0,TSLA,2025-08-24 17:35:06.919777,yfinance
2025-04-24 00:00:00-04:00,250.5,259.5400085449219,249.1999969482422,259.510009765625,94464200,0.0,0.0,TSLA,2025-08-24 17:35:06.919777,yfinance
2025-04-25 00:00:00-04:00,261.69000244140625,286.8500061035156,259.6300048828125,284.95001220703125,167560700,0.0,0.0,TSLA,2025-08-24 17:35:06.919777,yfinance
2025-04-28 00:00:00-04:00,288.9800109863281,294.8599853515625,272.4200134277344,285.8800048828125,151731800,0.0,0.0,TSLA,2025-08-24 17:35:06.919777,yfinance
2025-04-29 00:00:00-04:00,285.5,293.32000732421875,279.4700012207031,292.0299987792969,108906600,0.0,0.0,TSLA,2025-08-24 17:35:06.919777,yfinance
2025-04-30 00:00:00-04:00,279.8999938964844,284.45001220703125,270.7799987792969,282.1600036621094,128961100,0.0,0.0,TSLA,2025-08-24 17:35:06.919777,yfinance
2025-05-01 00:00:00-04:00,280.010009765625,290.8699951171875,279.80999755859375,280.5199890136719,99659000,0.0,0.0,TSLA,2025-08-24 17:35:06.919777,yfinance
2025-05-02 00:00:00-04:00,284.8999938964844,294.7799987792969,279.80999755859375,287.2099914550781,114454700,0.0,0.0,TSLA,2025-08-24 17:35:06.919777,yfinance
2025-05-05 00:00:00-04:00,284.57000732421875,284.8500061035156,274.3999938964844,280.260009765625,94618900,0.0,0.0,TSLA,2025-08-24 17:35:06.919777,yfinance
2025-05-06 00:00:00-04:00,273.1099853515625,277.7300109863281,271.3500061035156,275.3500061035156,76715800,0.0,0.0,TSLA,2025-08-24 17:35:06.919777,yfinance
2025-05-07 00:00:00-04:00,276.8800048828125,277.9200134277344,271.0,276.2200012207031,71592600,0.0,0.0,TSLA,2025-08-24 17:35:06.919777,yfinance
2025-05-08 00:00:00-04:00,279.6300048828125,289.79998779296875,279.4100036621094,284.82000732421875,97539400,0.0,0.0,TSLA,2025-08-24 17:35:06.919777,yfinance
2025-05-09 00:00:00-04:00,290.2099914550781,307.0400085449219,290.0,298.260009765625,132387800,0.0,0.0,TSLA,2025-08-24 17:35:06.919777,yfinance
2025-05-12 00:00:00-04:00,321.989990234375,322.2099914550781,311.5,318.3800048828125,112826700,0.0,0.0,TSLA,2025-08-24 17:35:06.919777,yfinance
2025-05-13 00:00:00-04:00,320.0,337.5899963378906,316.79998779296875,334.07000732421875,136992600,0.0,0.0,TSLA,2025-08-24 17:35:06.919777,yfinance
2025-05-14 00:00:00-04:00,342.5,350.0,337.0,347.67999267578125,136997300,0.0,0.0,TSLA,2025-08-24 17:35:06.919777,yfinance
2025-05-15 00:00:00-04:00,340.3399963378906,346.1400146484375,334.7200012207031,342.82000732421875,97882600,0.0,0.0,TSLA,2025-08-24 17:35:06.919777,yfinance
2025-05-16 00:00:00-04:00,346.239990234375,351.6199951171875,342.3299865722656,349.9800109863281,95895700,0.0,0.0,TSLA,2025-08-24 17:35:06.919777,yfinance
2025-05-19 00:00:00-04:00,336.29998779296875,343.0,333.3699951171875,342.0899963378906,88869900,0.0,0.0,TSLA,2025-08-24 17:35:06.919777,yfinance
2025-05-20 00:00:00-04:00,347.8699951171875,354.989990234375,341.6300048828125,343.82000732421875,131715500,0.0,0.0,TSLA,2025-08-24 17:35:06.919777,yfinance
2025-05-21 00:00:00-04:00,344.42999267578125,347.3500061035156,332.20001220703125,334.6199951171875,102354800,0.0,0.0,TSLA,2025-08-24 17:35:06.919777,yfinance
2025-05-22 00:00:00-04:00,331.8999938964844,347.2699890136719,331.3900146484375,341.0400085449219,97113400,0.0,0.0,TSLA,2025-08-24 17:35:06.919777,yfinance
2025-05-23 00:00:00-04:00,337.9200134277344,343.17999267578125,333.2099914550781,339.3399963378906,84654800,0.0,0.0,TSLA,2025-08-24 17:35:06.919777,yfinance
2025-05-27 00:00:00-04:00,347.3500061035156,363.7900085449219,347.32000732421875,362.8900146484375,120146400,0.0,0.0,TSLA,2025-08-24 17:35:06.919777,yfinance
2025-05-28 00:00:00-04:00,364.8399963378906,365.0,355.9100036621094,356.8999938964844,91404300,0.0,0.0,TSLA,2025-08-24 17:35:06.919777,yfinance
2025-05-29 00:00:00-04:00,365.2900085449219,367.7099914550781,356.0,358.42999267578125,88087800,0.0,0.0,TSLA,2025-08-24 17:35:06.919777,yfinance
2025-05-30 00:00:00-04:00,355.5199890136719,363.67999267578125,345.2900085449219,346.4599914550781,123474900,0.0,0.0,TSLA,2025-08-24 17:35:06.919777,yfinance
2025-06-02 00:00:00-04:00,343.5,348.0199890136719,333.3299865722656,342.69000244140625,81873800,0.0,0.0,TSLA,2025-08-24 17:35:06.919777,yfinance
2025-06-03 00:00:00-04:00,346.6000061035156,355.3999938964844,343.0400085449219,344.2699890136719,99324500,0.0,0.0,TSLA,2025-08-24 17:35:06.919777,yfinance
2025-06-04 00:00:00-04:00,345.1000061035156,345.6000061035156,327.3299865722656,332.04998779296875,98912100,0.0,0.0,TSLA,2025-08-24 17:35:06.919777,yfinance
2025-06-05 00:00:00-04:00,322.489990234375,324.54998779296875,273.2099914550781,284.70001220703125,287499800,0.0,0.0,TSLA,2025-08-24 17:35:06.919777,yfinance
2025-06-06 00:00:00-04:00,298.8299865722656,305.5,291.1400146484375,295.1400146484375,164747700,0.0,0.0,TSLA,2025-08-24 17:35:06.919777,yfinance
2025-06-09 00:00:00-04:00,285.9599914550781,309.8299865722656,281.8500061035156,308.5799865722656,140908900,0.0,0.0,TSLA,2025-08-24 17:35:06.919777,yfinance
2025-06-10 00:00:00-04:00,314.94000244140625,327.8299865722656,310.6700134277344,326.0899963378906,151256500,0.0,0.0,TSLA,2025-08-24 17:35:06.919777,yfinance
2025-06-11 00:00:00-04:00,334.3999938964844,335.5,322.5,326.42999267578125,122611400,0.0,0.0,TSLA,2025-08-24 17:35:06.919777,yfinance
2025-06-12 00:00:00-04:00,323.0799865722656,332.55999755859375,316.8599853515625,319.1099853515625,105127500,0.0,0.0,TSLA,2025-08-24 17:35:06.919777,yfinance
2025-06-13 00:00:00-04:00,313.9700012207031,332.989990234375,313.29998779296875,325.30999755859375,128964300,0.0,0.0,TSLA,2025-08-24 17:35:06.919777,yfinance
2025-06-16 00:00:00-04:00,331.2900085449219,332.04998779296875,326.4100036621094,329.1300048828125,83925900,0.0,0.0,TSLA,2025-08-24 17:35:06.919777,yfinance
2025-06-17 00:00:00-04:00,326.0899963378906,327.260009765625,314.739990234375,316.3500061035156,88282700,0.0,0.0,TSLA,2025-08-24 17:35:06.919777,yfinance
2025-06-18 00:00:00-04:00,317.30999755859375,329.32000732421875,315.45001220703125,322.04998779296875,95137700,0.0,0.0,TSLA,2025-08-24 17:35:06.919777,yfinance
2025-06-20 00:00:00-04:00,327.95001220703125,332.3599853515625,317.7799987792969,322.1600036621094,108688000,0.0,0.0,TSLA,2025-08-24 17:35:06.919777,yfinance
2025-06-23 00:00:00-04:00,327.5400085449219,357.5400085449219,327.4800109863281,348.67999267578125,190716800,0.0,0.0,TSLA,2025-08-24 17:35:06.919777,yfinance
2025-06-24 00:00:00-04:00,356.1700134277344,356.260009765625,340.44000244140625,340.4700012207031,114736200,0.0,0.0,TSLA,2025-08-24 17:35:06.919777,yfinance
2025-06-25 00:00:00-04:00,342.70001220703125,343.0,320.3999938964844,327.54998779296875,119845100,0.0,0.0,TSLA,2025-08-24 17:35:06.919777,yfinance
2025-06-26 00:00:00-04:00,324.6099853515625,331.04998779296875,323.6099853515625,325.7799987792969,80440900,0.0,0.0,TSLA,2025-08-24 17:35:06.919777,yfinance
2025-06-27 00:00:00-04:00,324.510009765625,329.3399963378906,317.5,323.6300048828125,89067000,0.0,0.0,TSLA,2025-08-24 17:35:06.919777,yfinance
2025-06-30 00:00:00-04:00,319.8999938964844,325.5799865722656,316.6000061035156,317.6600036621094,76695100,0.0,0.0,TSLA,2025-08-24 17:35:06.919777,yfinance
2025-07-01 00:00:00-04:00,298.4599914550781,305.8900146484375,293.2099914550781,300.7099914550781,145085700,0.0,0.0,TSLA,2025-08-24 17:35:06.919777,yfinance
2025-07-02 00:00:00-04:00,312.6300048828125,316.8299865722656,303.82000732421875,315.6499938964844,119483700,0.0,0.0,TSLA,2025-08-24 17:35:06.919777,yfinance
2025-07-03 00:00:00-04:00,317.989990234375,318.45001220703125,312.760009765625,315.3500061035156,58042300,0.0,0.0,TSLA,2025-08-24 17:35:06.919777,yfinance
2025-07-07 00:00:00-04:00,291.3699951171875,296.1499938964844,288.7699890136719,293.94000244140625,131177900,0.0,0.0,TSLA,2025-08-24 17:35:06.919777,yfinance
2025-07-08 00:00:00-04:00,297.0,304.04998779296875,294.3500061035156,297.80999755859375,103246700,0.0,0.0,TSLA,2025-08-24 17:35:06.919777,yfinance
2025-07-09 00:00:00-04:00,297.54998779296875,300.1499938964844,293.54998779296875,295.8800048828125,75586800,0.0,0.0,TSLA,2025-08-24 17:35:06.919777,yfinance
2025-07-10 00:00:00-04:00,300.04998779296875,310.4800109863281,300.0,309.8699951171875,104365300,0.0,0.0,TSLA,2025-08-24 17:35:06.919777,yfinance
2025-07-11 00:00:00-04:00,307.8900146484375,314.0899963378906,305.6499938964844,313.510009765625,79236400,0.0,0.0,TSLA,2025-08-24 17:35:06.919777,yfinance
2025-07-14 00:00:00-04:00,317.7300109863281,322.6000061035156,312.6700134277344,316.8999938964844,78043400,0.0,0.0,TSLA,2025-08-24 17:35:06.919777,yfinance
2025-07-15 00:00:00-04:00,319.67999267578125,321.20001220703125,310.5,310.7799987792969,77556300,0.0,0.0,TSLA,2025-08-24 17:35:06.919777,yfinance
2025-07-16 00:00:00-04:00,312.79998779296875,323.5,312.6199951171875,321.6700134277344,97284800,0.0,0.0,TSLA,2025-08-24 17:35:06.919777,yfinance
2025-07-17 00:00:00-04:00,323.1499938964844,324.3399963378906,317.05999755859375,319.4100036621094,73922900,0.0,0.0,TSLA,2025-08-24 17:35:06.919777,yfinance
2025-07-18 00:00:00-04:00,321.6600036621094,330.8999938964844,321.4200134277344,329.6499938964844,94255000,0.0,0.0,TSLA,2025-08-24 17:35:06.919777,yfinance
2025-07-21 00:00:00-04:00,334.3999938964844,338.0,326.8800048828125,328.489990234375,75768800,0.0,0.0,TSLA,2025-08-24 17:35:06.919777,yfinance
2025-07-22 00:00:00-04:00,329.739990234375,335.4100036621094,321.54998779296875,332.1099853515625,77370400,0.0,0.0,TSLA,2025-08-24 17:35:06.919777,yfinance
2025-07-23 00:00:00-04:00,330.8999938964844,336.20001220703125,328.6700134277344,332.55999755859375,92553800,0.0,0.0,TSLA,2025-08-24 17:35:06.919777,yfinance
2025-07-24 00:00:00-04:00,310.0,310.1499938964844,300.4100036621094,305.29998779296875,156966000,0.0,0.0,TSLA,2025-08-24 17:35:06.919777,yfinance
2025-07-25 00:00:00-04:00,308.739990234375,323.6300048828125,308.010009765625,316.05999755859375,148227000,0.0,0.0,TSLA,2025-08-24 17:35:06.919777,yfinance
2025-07-28 00:00:00-04:00,318.45001220703125,330.489990234375,315.69000244140625,325.5899963378906,112673800,0.0,0.0,TSLA,2025-08-24 17:35:06.919777,yfinance
2025-07-29 00:00:00-04:00,325.54998779296875,326.25,318.25,321.20001220703125,87358900,0.0,0.0,TSLA,2025-08-24 17:35:06.919777,yfinance
2025-07-30 00:00:00-04:00,322.17999267578125,324.45001220703125,311.6199951171875,319.0400085449219,83931900,0.0,0.0,TSLA,2025-08-24 17:35:06.919777,yfinance
2025-07-31 00:00:00-04:00,319.6099853515625,321.3699951171875,306.1000061035156,308.2699890136719,85270900,0.0,0.0,TSLA,2025-08-24 17:35:06.919777,yfinance
2025-08-01 00:00:00-04:00,306.2099914550781,309.30999755859375,297.82000732421875,302.6300048828125,89121400,0.0,0.0,TSLA,2025-08-24 17:35:06.919777,yfinance
2025-08-04 00:00:00-04:00,309.0799865722656,312.1199951171875,303.0,309.260009765625,78683900,0.0,0.0,TSLA,2025-08-24 17:35:06.919777,yfinance
2025-08-05 00:00:00-04:00,308.95001220703125,312.45001220703125,305.5,308.7200012207031,57961300,0.0,0.0,TSLA,2025-08-24 17:35:06.919777,yfinance
2025-08-06 00:00:00-04:00,307.8900146484375,320.4700012207031,306.92999267578125,319.9100036621094,78523600,0.0,0.0,TSLA,2025-08-24 17:35:06.919777,yfinance
2025-08-07 00:00:00-04:00,319.7900085449219,322.3999938964844,316.1600036621094,322.2699890136719,66658700,0.0,0.0,TSLA,2025-08-24 17:35:06.919777,yfinance
2025-08-08 00:00:00-04:00,321.42999267578125,335.1499938964844,320.9800109863281,329.6499938964844,91200300,0.0,0.0,TSLA,2025-08-24 17:35:06.919777,yfinance
2025-08-11 00:00:00-04:00,335.0,346.6400146484375,334.1499938964844,339.0299987792969,105320200,0.0,0.0,TSLA,2025-08-24 17:35:06.919777,yfinance
2025-08-12 00:00:00-04:00,345.0,345.260009765625,332.94000244140625,340.8399963378906,80522100,0.0,0.0,TSLA,2025-08-24 17:35:06.919777,yfinance
2025-08-13 00:00:00-04:00,341.5,348.9800109863281,338.20001220703125,339.3800048828125,67838900,0.0,0.0,TSLA,2025-08-24 17:35:06.919777,yfinance
2025-08-14 00:00:00-04:00,335.760009765625,340.4700012207031,330.3999938964844,335.5799865722656,75000700,0.0,0.0,TSLA,2025-08-24 17:35:06.919777,yfinance
2025-08-15 00:00:00-04:00,337.6600036621094,339.29998779296875,327.0199890136719,330.55999755859375,74319800,0.0,0.0,TSLA,2025-08-24 17:35:06.919777,yfinance
2025-08-18 00:00:00-04:00,329.6199951171875,336.2699890136719,329.5899963378906,335.1600036621094,56956600,0.0,0.0,TSLA,2025-08-24 17:35:06.919777,yfinance
2025-08-19 00:00:00-04:00,335.7900085449219,340.54998779296875,327.8500061035156,329.30999755859375,75956000,0.0,0.0,TSLA,2025-08-24 17:35:06.919777,yfinance
2025-08-20 00:00:00-04:00,329.2200012207031,331.3699951171875,314.6000061035156,323.8999938964844,77481800,0.0,0.0,TSLA,2025-08-24 17:35:06.919777,yfinance
2025-08-21 00:00:00-04:00,322.0799865722656,324.8999938964844,318.67999267578125,320.1099853515625,55744400,0.0,0.0,TSLA,2025-08-24 17:35:06.919777,yfinance
2025-08-22 00:00:00-04:00,321.6600036621094,340.25,319.69000244140625,340.010009765625,93588800,0.0,0.0,TSLA,2025-08-24 17:35:06.919777,yfinance
